"('robbie.felton', 184301316)"
"('9gag', 259220806)"
"('nochill', 346080030)"
"('manchesterunited', 491527077)"
"('leotamez11', 176007111)"
"('alexisgiff', 4417966924)"
"('pubity', 1431724849)"
"('memezar', 2374691999)"
"('seenfeen', 2247148284)"
"('pkdeegan25', 239855493)"
"('khalizzy_', 2237751531)"
"('thefunnyintrovert', 1328666350)"
"('idiotic_sperm', 1976211334)"
"('ellentvshow', 300696483)"
"('paulpogba', 2482066817)"
"('log.kya.kahenge', 2136831433)"
"('meowed', 504544916)"
"('ghantaa', 1491142059)"
"('foundr', 504681590)"
"('allindiabakchod', 944987022)"
"('doggosdoingthings', 2290782703)"
"('danielarsham', 178805392)"
"('ttt_official', 1064323469)"
"('sonyalpha', 1680602805)"
"('tedthestoner', 1130260998)"
"('thefandomshelter', 1968360068)"
"('brandonwoelfel', 16659874)"
"('moodygrams', 2126575988)"
"('artofvisuals', 1535360383)"
"('8fact', 353770979)"
"('tonimahfud', 8163978)"
"('greta_welch', 1512474168)"
"('food_finessa', 2052257113)"
"('smashed_toes', 211268660)"
"('mayzgao', 26232747)"
"('hella.harold', 49340988)"
"('hubs_united', 2017743830)"
"('higheststreetfashion', 2854874115)"
"('jasoncharleshill', 10898757)"
"('globe_visuals', 4746470669)"
"('globe_people', 3682856001)"
"('albertovaranda', 4342727712)"
"('photos_dailydose', 5421409313)"
"('_taxo_', 238269254)"
"('sakimi.chan', 1693801357)"
"('shiranou', 1987883379)"
"('vsco', 40238620)"
"('mensfashionpost', 13422978)"
"('zachking', 14805456)"
"('sam_kolder', 510990121)"
"('maxrivephotography', 1671843770)"
"('memedeliveryguy', 276224926)"
"('pakalupapitocamel', 2082905246)"
"('bokehm0n', 230975865)"
"('petermckinnon', 3681568)"
"('lightroom', 1530360872)"
"('visualsofjulius', 321788112)"
"('hobopeeba', 47276232)"
"('didyouknwthat', 1972087440)"
"('masipopal', 198710144)"
"('thebestoftumblrofficial', 1420976810)"
"('shitindianssay', 2210822391)"
"('bryanadamc', 681482329)"
"('portraitpage', 1640901241)"
"('jude_allen', 1230397)"
"('fursty', 5514235)"
"('eclectic_shotz', 3002226350)"
"('visualambassadors', 2349414293)"
"('streets_vision', 1948936066)"
"('gabscanu', 745531022)"
"('photoshop', 1311592681)"
"('mermel7', 218402868)"
"('chetri_sunil11', 197548342)"
"('yantastic', 1435649)"
"('caliallstaring', 465499471)"
"('tobishinobi', 8159137)"
"('zachallia', 319505)"
"('luizclas', 1517574560)"
"('qinniart', 217765913)"
"('kawanocy', 1420601008)"
"('rkrkrk', 272366)"
"('ladowska', 1655745976)"
"('highesturbanwear', 2901374690)"
"('carryminati', 2075305619)"
"('eastindiacomedy', 1405111356)"
"('kai.boet', 1965503199)"
"('savagestudents', 1694824734)"
"('nycgo', 18078794)"
"('timeoutnewyork', 9179228)"
"('edwardkb', 564831)"
"('500px', 4018952)"
"('kellansworld', 356157615)"
"('ronnaldong', 1539290367)"
"('ourportraitsdays', 3477539028)"
"('portraitvision', 2951233875)"
"('pursuitofportraits', 1723727621)"
"('marooshk', 287676651)"
"('nikon_photography_', 174924244)"
"('saanyaa_', 1486839484)"
"('imsavannahlewis', 3637388103)"
"('buildyourempire', 832133137)"
"('banterkingmag', 4276558330)"
"('helena132', 49424609)"
"('locarl', 36950614)"
"('alysontabbitha', 1900431058)"
"('wlop', 23368410)"
"('urbanstox', 1508395323)"
"('joelrobison', 212371580)"
"('mensfashion_guide', 1540053740)"
"('heycnyn', 235642776)"
"('dfreske', 12247919)"
"('ianharper', 197709240)"
"('artbyartla', 2368887404)"
"('adobe', 27525424)"
"('urbanandstreet', 1377474309)"
"('viewbug', 199535525)"
"('heatercentral', 1545493669)"
"('bora.vs.bora', 11581228)"
"('itsqt', 273050304)"
"('marilang_', 303419504)"
"('mishzhu', 770122419)"
"('thehobo7', 539603251)"
"('madisonfrye', 220041589)"
"('caitlinpintavorn', 143600071)"
"('calorinensis', 226865827)"
"('daphne.lichen', 692857609)"
"('gabby_asunshine', 41214793)"
"('divyamaniar', 18592548)"
"('yeewonnnn', 403515322)"
"('gaabrielatenorio', 27751409)"
"('clairedavidsonmiller', 342399191)"
"('jordyhartzell', 557733670)"
"('beccabg117', 438380151)"
"('athenerr', 283262834)"
"('kristenmashikian', 212641388)"
"('clare.grossman', 275056502)"
"('elenablevin', 253727455)"
"('poojaaa17', 229446255)"
"('liz_wellz', 209733005)"
"('kitrisundaram', 274996387)"
"('audmkim', 242284424)"
"('cnapolitano11', 332226051)"
"('xxshou', 177431341)"
"('ameliaohalloran_', 216582199)"
"('ha22ahlee', 454093033)"
"('colleen_cronin', 333870478)"
"('cecex18', 55170628)"
"('namsaiseth', 19746919)"
"('cecejaneee', 1428119566)"
"('trishathacker', 331972369)"
"('jennypuhjun', 2297131561)"
"('lisanguyen_1023', 55753120)"
"('keiks49', 857513244)"
"('evanjackson11', 17606987)"
"('claragreider', 1596087247)"
"('rajyashri_reddy', 204401293)"
"('jacknelsonnn', 23212020)"
"('curious_components', 173939547)"
"('happy__trader', 4706218231)"
"('seantuck', 10291941)"
"('8thdamon', 2219276397)"
"('meg.tn', 317211399)"
"('bash.z', 2021176735)"
"('_jasoncarroll', 180287878)"
"('hawaiihunter', 35322052)"
"('nathanmanrique', 4533620406)"
"('cnnr.brwn', 528778369)"
"('jay.jeong133', 5334653974)"
"('reet_agrawal16', 6115555835)"
"('laurawilsonsinsta', 3892013618)"
"('joy__zheng', 311152629)"
"('tinatannest', 3256429702)"
"('vane_ora', 2179442092)"
"('1im_rachel', 3435378496)"
"('samplezia', 38889475)"
"('amandalagunaa', 145200594)"
"('_camillionairee_', 421123644)"
"('sumupitchayan', 190694270)"
"('litian.yang', 546715654)"
"('v_eye_shhh', 744321704)"
"('siddhi_nadkarniii', 3678751112)"
"('jp.moise', 4958987224)"
"('jethroalaba', 2076289)"
"('vincent_bal', 1575692302)"
"('sannalinn', 4827190)"
"('guweiz', 1537999246)"
"('ashiyaart', 1189669230)"
"('lwbv2001', 1698528212)"
"('minoritymindset', 2318263683)"
"('illgrammers', 53237725)"
"('laughsfor_abs', 842604855)"
"('sarcastic.ind', 3568404225)"
"('theoatmeal', 17392114)"
"('portraitmood', 498750255)"
"('_tuck4', 7287468)"
"('kolourco', 648046685)"
"('kattyyya', 47537798)"
"('mrvahn', 26145459)"
"('isable_xu', 273662369)"
"('peacecreature', 31306666)"
"('aoiogata', 2542414735)"
"('sails_chong', 371145689)"
"('tomrus', 13438273)"
"('shanivarner', 629585770)"
"('7kidz', 178985214)"
"('kingy_kings', 1367110617)"
"('shadow.boxer', 412478286)"
"('raemion', 1806694333)"
"('guiirossi', 307462824)"
"('yskkmt2', 2952635068)"
"('nevahosking', 190789499)"
"('art_p3rry', 3467730694)"
"('kiyanforootan', 24926701)"
"('manipulation.clan', 3058524072)"
"('hustletouch', 3890704910)"
"('zhcomicart', 2967208072)"
"('milesofcolor', 1381146941)"
"('j.diegoph', 4330499084)"
"('brownu', 201918634)"
"('elizabethgadd', 176042428)"
"('madebygoogle', 4512854723)"
"('markian.b', 589098461)"
"('hyo_joo', 192887400)"
"('bluetexticons', 3521729806)"
"('e4rlyr1ser', 30046955)"
"('aovportraits', 1768033846)"
"('leagueoflenses', 2949029493)"
"('kingvuddha', 714926800)"
"('studio_odin', 1482236798)"
"('erik.joh', 3828275)"
"('northborders', 463620696)"
"('instaudaipur', 1359296281)"
"('pornsoup', 1279738007)"
"('udaipurblog', 1245257616)"
"('henrydrewes', 246780145)"
"('mollyliu_', 1652393248)"
"('nisha.khater', 510896199)"
"('dsam99', 409935466)"
"('vedikanawal', 2205790463)"
"('jul_don', 256701237)"
"('lillysnell', 182754824)"
"('alphacaesar', 35689860)"
"('kin9c1utch', 1699482292)"
"('julia_madeleine', 10413322)"
"('maddiesalesky', 14748818)"
"('naticortinas', 17746761)"
"('haleybarthel', 48835190)"
"('alexalverson', 3408904731)"
"('treythomas11', 208678919)"
"('sophiagigz', 182695362)"
"('tate_of_the_art', 231251551)"
"('charlottejeong', 235556201)"
"('whackett', 333482124)"
"('dunksmill', 7520559)"
"('cynthiacao1', 925305322)"
"('sam.ro.chelle', 16472076)"
"('oliviapritt', 6577724039)"
"('skittyy1', 2679936)"
"('krishnraj.soni', 2070262715)"
"('iamrajan7', 3084929951)"
"('celinien', 145886586)"
"('jenny.pham1499', 2206377120)"
"('kyrawho', 1705237718)"
"('griffinbeels', 253664658)"
"('ivyberns', 1416097572)"
"('anhlisegilbert', 323420601)"
"('canadian_william', 6249746776)"
"('instacaiya', 261466111)"
"('joliearen', 187098950)"
"('ninaahuangg', 195286592)"
"('dylan.p.clark', 232614335)"
"('maryydong', 533760825)"
"('sparkkk__', 250555966)"
"('izziegeez', 554189562)"
"('shreydsouza', 5985764364)"
"('sonny.mo', 478251986)"
"('dhruvhasaninsta', 1312892338)"
"('emit6', 1963885444)"
"('angle_rod', 198204972)"
"('amandahpls', 485476582)"
"('899mel', 266615281)"
"('simitayjay', 583278254)"
"('oscarespiricueta', 330142305)"
"('realryanrose', 1443217916)"
"('lucyreyess_', 246100609)"
"('rach.wang', 1524410597)"
"('anniejacob_', 293550698)"
"('nelsonheee', 4531480090)"
"('cynthia.ngg', 3566287710)"
"('jennyheo.o', 1744004001)"
"('ved.narayan', 330448122)"
"('melisgokalpp', 18745036)"
"('_grayse_', 21843618)"
"('akey2234', 427679321)"
"('hannah_ray99', 212876338)"
"('evakitlen', 298871431)"
"('sara.alavi57', 3499024712)"
"('dannyad22', 195710404)"
"('hannah_haas_', 347152455)"
"('rebeckerz', 1508534897)"
"('asifk__', 1017837230)"
"('rahulmani4', 5490468826)"
"('gtrevi_', 18624300)"
"('mikalehoux', 277247283)"
"('rebka119', 1934134637)"
"('mattbailey__', 435216712)"
"('rheaamin7', 364720407)"
"('aphil.17', 4274457878)"
"('jfeord17', 46350553)"
"('sam_mcgraw', 226808057)"
"('_jessicadai', 1668143188)"
"('hughjia', 1789339992)"
"('katie.mcc', 226177441)"
"('amalia.isabel3', 418683316)"
"('_karinawang_', 1287251467)"
"('wpjohnson1998', 6918473178)"
"('yewonbyun', 3940562217)"
"('viv.vi.an', 41827244)"
"('hannakatria', 271980705)"
"('cyjohnson20', 362087701)"
"('sam.prada', 226612887)"
"('eric.steacy', 28373284)"
"('t.j.brooks', 10060212)"
"('pinnedcommunity', 7446093255)"
"('hannazwerver', 16124157)"
"('marion.sellier', 1938177019)"
"('yeonjun_kim', 261193643)"
"('naka.rika', 4280517644)"
"('taylor_seaman_', 225641532)"
"('tamara.er', 3024314319)"
"('cathxli', 5487147879)"
"('florinnajera', 229572719)"
"('alexpark15', 223057517)"
"('paolavxx', 18161950)"
"('_stanleyyip', 289373008)"
"('nina.myers', 246750466)"
"('stephaniegarci.a', 195206786)"
"('saiallu44', 6912142013)"
"('amyli127', 179772327)"
"('lizkahn_', 253349629)"
"('joeyreindl', 2137377291)"
"('meghna.tu', 4223603951)"
"('kdu_20', 5334528208)"
"('omayeda', 2357441505)"
"('slumdog_phillionaire3', 1796894644)"
"('madi_cranford', 1488776810)"
"('hanbnguyen', 21885186)"
"('thefakecynthiaguo', 7233714947)"
"('catrionabell', 4007317)"
"('lisa.okazaki', 4321585481)"
"('baileykroop', 176572197)"
"('ali_lin8', 4469351385)"
"('ishaanikhatri', 3920175538)"
"('saramontoyaarango', 4905185659)"
"('jessicah_oa', 5829295032)"
"('ry__guy_', 1901723141)"
"('sopodsock', 1737925032)"
"('maddy_adams_', 222715112)"
"('isaac_hiltonvano', 1288278895)"
"('e1izah', 308657959)"
"('rekharichardson', 190520944)"
"('gabiebaby4', 3924248592)"
"('s_kanekar', 3282150059)"
"('tiffanyyuinm', 1441923902)"
"('elinor.martinez', 5328903726)"
"('kyle._qian', 7035813577)"
"('_emmalopez_', 23711346)"
"('aanyaparikh23', 342672868)"
"('siobhanfayy', 194755743)"
"('joelledong', 416667550)"
"('clairelinn', 6549712)"
"('easlisahin', 679928059)"
"('niharikajhingan', 5680853672)"
"('wolfspirit704', 2030688882)"
"('griff.kupsaw', 2322679355)"
"('lu_mattos', 29331804)"
"('harshita.ag', 1522765588)"
"('chrissy24700', 192069937)"
"('__sid_jain__', 1366602741)"
"('jasonwhang', 6330216388)"
"('peter_huson', 488435671)"
"('__ireallylovewombats__', 5586419701)"
"('ne_syren', 2040731000)"
"('elv1sc', 197198144)"
"('omlitt', 395701517)"
"('elifbabaoglu', 242051865)"
"('olympe.alienor', 2077799475)"
"('babyciger', 1546859424)"
"('aliyachambless', 23260883)"
"('neilsehgal99', 5357849892)"
"('nicole_gehret', 43339269)"
"('cherilyyn', 279244752)"
"('major_gus', 2094483306)"
"('gaiia.marie', 5826759656)"
"('scnya.b', 336092883)"
"('lilian_tianyu', 1901552466)"
"('tshahria25', 5594702653)"
"('gabrielrizkk', 506600833)"
"('isa.belleza', 342504925)"
"('lucychen98', 317382170)"
"('rujulsingh', 418182824)"
"('tilleck_', 2901749236)"
"('alkimkara', 633212753)"
"('ashwinder21', 5210430496)"
"('melaniepincus', 290927573)"
"('carrie426426', 5608913521)"
"('zaynbvg', 5680526668)"
"('amy_sofia', 202963010)"
"('a_jagzz', 48835349)"
"('alyssarust', 243773335)"
"('gkini_', 1464309147)"
"('sabrinachen123', 285362978)"
"('shreyaaa_d', 276677978)"
"('arianna.ferretti', 208137895)"
"('rainbroo', 242583255)"
"('k.sanguine', 2948732498)"
"('audenelliott', 207852055)"
"('cintiaaraujo_', 285122623)"
"('fjduncan', 311689209)"
"('stefanyl33', 1557799584)"
"('ptk98', 802368853)"
"('fabmeyerg', 4446105979)"
"('claireheiden', 40886058)"
"('_shivanshi10_', 1201575425)"
"('victoria__caruso', 24264689)"
"('_gabrielleclark', 476394372)"
"('annelise_ernst', 32927161)"
"('xiaoyu.huang_', 193761903)"
"('mariannascottt', 12065570)"
"('dhruvkharbanda', 186252879)"
"('allidynia', 2945508125)"
"('carlynszcz', 210681062)"
"('khunter102', 53422136)"
"('jwillnorton', 305152302)"
"('abby.siegel', 1519458091)"
"('rafael_lippert', 211253066)"
"('muhammedamoush', 3057908606)"
"('rsrivastava98', 903875760)"
"('jchiang2457', 1772717659)"
"('alilovell417', 583398966)"
"('ceyhunfirat', 22066980)"
"('ked1999', 188008919)"
"('yongupaku', 1364744060)"
"('_adam_stein', 426725207)"
"('emma_healy', 210792295)"
"('joeyhan_', 4370956053)"
"('delia_murphy', 192072354)"
"('elizak598', 1529573343)"
"('gabcar10', 36485542)"
"('kimber_brain', 4965274068)"
"('a_aroncho', 2058140850)"
"('kinjaljoshi_', 2081855474)"
"('chitransh_0610', 2038070000)"
"('nandinikumawat', 1349480021)"
"('siddhant.swain_11', 1573463059)"
"('tanishq25', 404122410)"
"('shubhams28', 352439518)"
"('rishi_rajsingh', 2178913712)"
"('akshatmantri', 1782116983)"
"('bharat_chugh', 584385812)"
"('deannarose137', 197658403)"
"('miapatts', 29408812)"
"('mayacoaxum', 42407981)"
"('yungflo1', 1399202855)"
"('mari.angie', 508389897)"
"('mrdcaba', 42683988)"
"('alexrafatjoo', 28368142)"
"('a.malpica', 1412363031)"
"('gloriafeng2', 1569983146)"
"('khai_jn', 187744874)"
"('mariel_luisa', 1432316112)"
"('melidlopez', 478447361)"
"('rose_lang_maso', 215433142)"
"('nityahk', 197928211)"
"('roxixane', 209858350)"
"('mahesh_pitchayan', 219389414)"
"('mr.shamse', 1418903814)"
"('adamalp', 9209872)"
"('molly.pear', 489873940)"
"('nhu.phung2703', 215284781)"
"('carolinalacs', 1576768221)"
"('tereisl_', 211418450)"
"('cameronyip7', 1349026112)"
"('hrose_thomas', 492050776)"
"('felpsnaka', 213704529)"
"('smp_914', 41398360)"
"('avishabapna', 2025445667)"
"('deepali_galundia', 1416442285)"
"('theknair', 1565596446)"
"('pradyumngt', 2092856148)"
"('mithil_suyal', 1496334037)"
"('parnika_kumat09', 1466299134)"
"('aanyabhandari', 490420101)"
"('rahulverma3126', 2055236272)"
"('nischay_sagar', 453094337)"
"('yuvi666satan', 2073056169)"
"('hussainsaloda', 1360657118)"
"('henryjimenz', 288875823)"
"('doyoueven', 284224337)"
"('mehakkumar', 534375413)"
"('sunnobc', 1953640079)"
"('just.indian.stuff', 1639636658)"
"('thesarcasticpage', 1636639381)"
"('hypeshock', 1207104117)"
"('davieg8', 628104247)"
"('shotzbycarity', 7296248257)"
"('thehoodsfinest', 905880630)"
"('steenromantic', 145553235)"
"('dubnitskiy_david', 4351097077)"
"('mollyyusher', 175940705)"
"('_ronnygarcia', 188220797)"
"('charlies_wanderings', 30119548)"
"('harshitapamecha28', 1335800278)"
"('thephotoplug', 6451684304)"
"('jay.liap', 6091868682)"
"('quokkaflocka', 1522577186)"
"('lynna_ngo', 197488261)"
"('lalalannie16', 11733581)"
"('e11ie_seid', 310775947)"
"('gemmasack', 382029782)"
"('kanika868', 553613881)"
"('tanzinatanny', 320445913)"
"('pherikan', 7524966086)"
"('madtev', 490875416)"
"('ashleyqtruong', 1174300745)"
"('mememanmyles', 3995688671)"
"('chatelp', 1901383)"
"('man.tres.bien', 7981702345)"
"('abhirun_das', 2141646399)"
"('theauragraph', 7907770010)"
"('k_kasimova', 224572849)"
"('billyfujii', 4429136027)"
"('hoereacts', 2175950661)"
"('sheril_va', 5646094849)"
"('erinsimshauser', 369801546)"
"('memey_memes_for_horny_bois', 7744783361)"
"('prosperine666', 8005552197)"
"('mr.lone_kid', 7321462916)"
"('katiebound', 427667072)"
"('gyanvidugar', 1481993119)"
"('prayushi.doshi', 2026106938)"
"('the___clairvoyant', 1534716319)"
"('jhonmetz', 2102578709)"
"('mittyhh', 486314669)"
"('sp_shreya', 2272552148)"
"('sumeyrz', 291916126)"
"('rosemarythreads', 4152406421)"
"('mattatbrown', 4278785570)"
"('thegoodcomedy', 1448035326)"
"('katjaglieson', 297352744)"
"('justine.elizabeth_', 2097445355)"
"('amy.dlt', 48997979)"
"('hannahhpadillaa', 194952284)"
"('riddhi_umraniaa', 292662645)"
"('rahuljayaram24', 1227601255)"
"('_.ambu._', 176124310)"
"('markparreira_', 1798972203)"
"('coinscanner', 6914498399)"
"('ryanzang', 649816799)"
"('food_fritatas', 7581457459)"
"('_jon.lee', 41204477)"
"('jbaron324', 284477291)"
"('louiskfisher', 2967734103)"
"('wood.wills', 6893565630)"
"('michael_cellular', 2076624424)"
"('aelbennii', 5767612890)"
"('fffuuuhhhddd', 5520424703)"
"('chris.morillo', 2244080018)"
"('xian.sun1994', 7432880349)"
"('jamesbiggs99', 4715443537)"
"('gkfn__jjang', 7962766668)"
"('tmb.arts', 7945936366)"
"('simonerosephoto', 7091884406)"
"('memes.point', 4461204350)"
"('diyachordia', 1927086564)"
"('ant.onella', 357265347)"
"('vickyphan1', 1529748450)"
"('ben_gershuny', 351958925)"
"('jinettey', 238706146)"
"('danbilzerian', 50417061)"
"('metcalf_101', 4673630408)"
"('chriskobel321', 214785885)"
"('epicfunnypage', 880851722)"
"('jayant_0jha', 1958041263)"
"('avnikataria', 282737796)"
"('kamakshisarda', 582497566)"
"('muffoons', 1437597125)"
"('hardyman123', 204615892)"
"('hannahsxton', 1398826283)"
"('nids.bhaskar', 2100606459)"
"('aadrianarodriguezz', 1469755764)"
"('chesnacks', 5796532981)"
"('fictionheart', 21192252)"
"('eliemac', 16208555)"
"('juliareynolds', 27481104)"
"('gaurvisinghvi', 1424323515)"
"('irammrizvi', 273462126)"
"('mrinalverma', 344625869)"
"('miksbe', 16522379)"
"('mehakkmalik', 552239815)"
"('youknowcyc_', 383602762)"
"('unsplash', 920486988)"
"('shyboiarj', 1820944893)"
"('marlonthewiz', 5906485763)"
"('yoyashi', 2122729597)"
"('joshswanlee', 7353403463)"
"('srmasylum', 6906777387)"
"('oluebubeoti', 4565358807)"
"('justinly15', 199045770)"
"('youngjie_cho', 1962729517)"
"('dayton.w.dx', 6291231650)"
"('lakshya9323', 5698795969)"
"('gw.ugy', 7398871958)"
"('shouryadeepsingh', 7922477685)"
"('emma_weiss1', 402590367)"
"('hardi_wb', 34709595)"
"('ryandempseyphoto', 7244964085)"
"('jordan_murdy', 604373149)"
"('maeveobrien', 27103753)"
"('giggling_monkey', 45966418)"
"('camilta117', 177058184)"
"('fashionbyora', 4157513561)"
"('catchingmystars', 30073519)"
"('withluke', 2355837510)"
"('nicoleerosenthal', 245643232)"
"('madelinegriswold', 189338936)"
"('rylan_pade', 267341137)"
"('sophia_y15', 220087645)"
"('talmemaybe', 223548095)"
"('im_amini', 197204659)"
"('gracewndeng', 4058956986)"
"('notmonica', 2908136158)"
"('mat.kot', 1724022661)"
"('sophie___ball', 498847964)"
"('sagarmanjarres', 41675272)"
"('cadendumas32', 265666189)"
"('katstambler', 10318221)"
"('mayagrosw', 144996418)"
"('jes_xi', 572565915)"
"('danishkh04', 1338308411)"
"('cam_and_cheese', 1541748180)"
"('ms_selfportrait', 5786263942)"
"('mathieuhutin', 4056750039)"
"('gracedalyy', 254665997)"
"('alaniluna', 193433968)"
"('ecmcduffie', 13650363)"
"('sabrinablatteis', 25332065)"
"('jewel_collins_', 42383214)"
"('flphotostudio', 1820062582)"
"('tiiffanychan', 30939674)"
"('mir.and.a.pla', 46419807)"
"('shcoopadoop', 190954901)"
"('tmarshi', 199829824)"
"('camberlymoriconi', 254549410)"
"('jocelynltam', 186832754)"
"('audreycastle_', 292180724)"
"('bellavisionphoto', 5599939852)"
"('modelisabelvinson', 337917048)"
"('nicoletsungg', 45274621)"
"('skipptomylu', 182313225)"
"('indian_macchiato', 1511336201)"
"('mia_santomauro', 236948762)"
"('moshelnutt', 292212886)"
"('hgiancarlo_', 383493685)"
"('sarahnoele', 43633401)"
"('cathycampo', 185762661)"
"('mayafitzpatrick', 229034750)"
"('chahatrana', 291803658)"
"('georgbaea', 1520523793)"
"('brownderbies', 721522864)"
"('mi_squar_ed', 840064664)"
"('dashleydim', 306976221)"
"('ghani_mustafa', 1987032993)"
"('ianlapham', 182518607)"
"('nathalieeyoung', 1184577269)"
"('benmartel97', 471624471)"
"('ben_dash', 3169303946)"
"('brfgolddart', 7493282423)"
"('me_in_threes', 7818450759)"
"('carolouiseb', 1006113120)"
"('briannacsa', 322774659)"
"('kenjtan', 260757806)"
"('annwitz', 14667045)"
"('juanmunetongallego', 6650062176)"
"('scotttywoods', 273021303)"
"('austen_royer', 541519430)"
"('marisa_agarwal', 4198148059)"
"('pato_gzzm', 1416234122)"
"('a_green99', 1745897829)"
"('subhanik', 536297603)"
"('_sarasulli', 1423444632)"
"('samanthacahillfilm', 7425564540)"
"('camila.pavon', 418766811)"
"('avaholl', 245907935)"
"('ryanbain1999', 1350857304)"
"('tystiller13', 282470538)"
"('wilde_george', 183548299)"
"('normie_noob', 2371249050)"
"('princesa_margarita', 362527362)"
"('sallyypann', 601852986)"
"('natezoeller', 1369377)"
"('ibakhtiyor', 4759560835)"
"('maroon.macaroon13', 3271417986)"
"('__.kaylah.__', 281436057)"
"('jackandrews644', 688154526)"
"('sooms124', 2003969158)"
"('simply_wassa', 2013112576)"
"('edgelao', 286770426)"
"('zanachloe', 272318797)"
"('joshuamarinelli', 3015626111)"
"('bblinn2021', 26984769)"
"('annie.ptba', 309804603)"
"('hailey.fulkerson', 341307505)"
"('noelle.cc', 51673393)"
"('grace.banfield', 1932815217)"
"('jessy.ma', 1425519530)"
"('notananyaa', 4337848719)"
"('qiqi.ren', 3988257713)"
"('melnukoff', 348236654)"
"('austiiinnnnn', 1363694341)"
"('kristinalowndes', 369974610)"
"('olivia.siemens', 738513680)"
"('kevinedo3', 5982354562)"
"('henrysookram', 1692195982)"
"('kristindenise98', 603653749)"
"('calebhill_49', 3922649806)"
"('atvklli564', 7703768556)"
"('scoconut26', 800596710)"
"('rakhi_kundra', 1365852289)"
"('geo._.lee', 3740203164)"
"('kanspurling', 6872737165)"
"('jonascohon', 1769345577)"
"('ellengling', 201884590)"
"('lizaaapup', 7220268871)"
"('catherinelivelo', 1395172927)"
"('catherine__liz', 5190443836)"
"('johannawong', 1255153858)"
"('nicole.nevitt', 19507674)"
"('ifloydxca', 199364641)"
"('stanfordinnewyork', 4729808209)"
"('kallanson', 10913815)"
"('wulovesfood', 3249280316)"
"('hannah_nolan', 280825169)"
"('emilyminnyk', 681607156)"
"('jenni4xiong', 182438442)"
"('bythelotus', 6096166626)"
"('sarahnolan._', 438333414)"
"('mikaseats', 581845794)"
"('goosek_', 2121022311)"
"('duck.wizard', 46852156)"
"('chris_savvides', 2331476107)"
"('bernie_cinders', 2111453)"
"('carolkhung', 227537763)"
"('lim_abean', 2088131289)"
"('albi_crespo', 1634377209)"
"('priyanka_thaker_', 259796679)"
"('negan_egan', 5565249526)"
"('_jessicalovephotography', 1279761431)"
"('raeahn', 245504214)"
"('melissakate8', 16759381)"
"('vj_ydv', 388058908)"
"('julia_pew', 24686292)"
"('angie.kim', 48179417)"
"('bonneenee', 21244525)"
"('gabiqcampos', 222403867)"
"('parisathep', 24493028)"
"('fariri.sensei', 6048773330)"
"('collinstark', 46381649)"
"('s_kreamy', 458908054)"
"('tripsirna', 256929802)"
"('stefan.straeter', 211662828)"
"('tory_center', 274605087)"
"('biancaalexxis', 5665600003)"
"('theshuttersyncstudio', 399222579)"
"('kamerawaledost', 4918781071)"
"('belakusuma', 10383310)"
"('lightsonfilms', 210733682)"
"('mohitfornow', 1384377829)"
"('wh_zeng', 5992513213)"
"('w.y____t', 508629162)"
"('hokamono', 1530916744)"
"('natasha.eklove', 830567800)"
"('sydvantil', 28519271)"
"('thorbetterlook', 7870771493)"
"('caleb_apple', 2874088424)"
"('t_ursachi', 2104639564)"
"('sophia.chen', 333789951)"
"('saiallu25', 7569868819)"
"('c.andybar', 1480577698)"
"('mariel_jacksonx', 1176963169)"
"('rachana_chau', 180343235)"
"('j.horizon', 5996126926)"
"('mlincoln72', 1812744670)"
"('luke_dearmas', 354201119)"
"('choyelliot', 7811676036)"
"('elliotchoy', 337212245)"
"('gabe.cr', 405105255)"
"('jarod_boone', 1626663715)"
"('oscar.newman', 1613814157)"
"('samir.visuals', 4268347584)"
"('taishi7070', 1685226289)"
"('seanpatrickdurham', 3432170884)"
"('theamazingknight', 220985034)"
"('mobymav', 22835754)"
"('mimi_li_yun', 1337640748)"
"('elponzophoto', 2014046061)"
"('rose_violettt', 3464134320)"
"('ryanhattaway', 26523237)"
"('jenw.photography', 6652761669)"
"('bmundy63', 334922171)"
"('continuouss.visuals', 234902326)"
"('kpinko', 20244483)"
"('maocool', 277482423)"
"('seyahz', 15788545)"
"('ahowc', 245446608)"
"('koyenapal', 291261465)"
"('brownlovers21', 6977230016)"
"('nrips', 412291105)"
"('oliviarosenbloom', 20433073)"
"('haleyhoffmansmith', 41041860)"
"('katefarwell', 4583501)"
"('aabmcdermott', 213317531)"
"('jessie_sugarman', 40430130)"
"('kat_chai', 588794517)"
"('naomypedroza', 3270037663)"
"('cruz.joaopauloc', 5705787338)"
"('kileigh_coleman', 206077678)"
"('destinydeanda', 1474495555)"
"('leahfoww', 18737487)"
"('photo_vittorio', 418160355)"
"('ariellecastagna', 2090146917)"
"('sydd__', 189258148)"
"('caseyscaptures', 186210831)"
"('kelseyrodd', 183926807)"
"('lindseyyclarkk', 1519203763)"
"('samclardyy', 20672087)"
"('hngvyen', 257883852)"
"('nkakalec', 5597630534)"
"('morganjawner', 26649568)"
"('olivia.spaulding', 333821995)"
"('quinnfa2', 30175042)"
"('asap_olivo', 487762001)"
"('theo.g_', 246861549)"
"('noahrubin', 182194969)"
"('devin_ahearn', 239752033)"
"('sam.haigood', 20818828)"
"('__boy_blue__', 1058607468)"
"('kymccarthy23', 246854342)"
"('isabelblalock', 309758414)"
"('emily_kate30', 215977331)"
"('charlotte_rubin', 225685629)"
"('ianchiquier', 3486655227)"
"('amandalehmkuhl16', 627913416)"
"('lukebouchard', 235499014)"
"('aphaneuf14', 1277434805)"
"('camdenbaer', 429605045)"
"('jraviv', 209689511)"
"('_bgiampetroni', 968562853)"
"('hoconnor50', 1836459035)"
"('aleex_kelly', 3036933410)"
"('theyseemelolen', 5787703230)"
"('gusrodriguez2', 1105026897)"
"('hgorbani4', 6977917063)"
"('wajeyogesh143', 6917531345)"
"('chinwezetessy', 6894644556)"
"('maram_mohammad_77', 7291347071)"
"('bigfresh018', 6852560249)"
"('kingakvoice', 6964640292)"
"('alisianapauulo', 7018049331)"
"('wildstresscat', 6665075396)"
"('abmcenroe', 504488624)"
"('ariwells', 146207139)"
"('mohammad_jaber7799', 6984159457)"
"('salma_tareqq11', 6991294066)"
"('thangaraj7017', 6983390153)"
"('kurt_maharaj', 1474981530)"
"('gusvannewkirk', 3136430602)"
"('laurenreischer', 308744463)"
"('simplyelizajane', 6472269900)"
"('thomasseanphelps', 294281693)"
"('jabrams35', 4706004364)"
"('left_nippul', 7018571590)"
"('hagood.mackenzie', 35874928)"
"('yologan_baron', 213852294)"
"('jlkendall12', 557359930)"
"('ryanku98', 3815413048)"
"('o.wilson', 48470591)"
"('bhong3211', 14362838)"
"('melissamlee_', 225101912)"
"('intellectuals_of_tinder', 7322498945)"
"('themostmagicallife', 5816759061)"
"('silentknight.0', 6979607929)"
"('miad.f2', 7760342244)"
"('happy_chumper', 7543728442)"
"('manrique_in_empachers', 7202894213)"
"('henryhollingsworthfanpage', 7274914663)"
"('cjcenta', 7772498203)"
"('_meganmattei', 285206085)"
"('thepriyalgupta', 422668850)"
"('hkuwanastarterpack', 7504652664)"
"('azee771', 325067386)"
"('timburnsowlmtn', 7745203559)"
"('tapdancinmidget', 7816246846)"
"('mattie_hagestad', 276645153)"
"('slamborghini_murci', 1173577386)"
"('ellieday.m', 3248228217)"
"('macon_reed_studio', 2931741312)"
"('blindbarbersmusic', 4570698210)"
"('harrisone16', 23614071)"
"('paigekelly___', 378941721)"
"('marco.a.p.berg', 4641944855)"
"('righteoushombre', 1996118767)"
"('mysteronk', 1642328375)"
"('bozvision', 2075298392)"
"('oliviadkuk', 173553391)"
"('dana.lannen', 26644265)"
"('vanivg', 285136882)"
"('sspowell24', 419798126)"
"('kotone_tsuji', 3054280901)"
"('moriiiiiiah', 26380737)"
"('sksquared', 178476700)"
"('jaykvy', 178195496)"
"('shushu.home', 5745729333)"
"('crispylite', 1561079804)"
"('j.melichar', 27277246)"
"('ditpict', 441986439)"
"('cobri3n', 300259896)"
"('max.visual', 1960446990)"
"('wastedph', 293108300)"
"('d.aniel_chen', 1507510872)"
"('reverberestudio', 14416670)"
"('worldofteo', 350747066)"
"('alan.jm', 300816654)"
"('alleviation_', 4464460490)"
"('marilynnnguyen', 402671128)"
"('cheryl.chan', 7758795)"
"('viv.fang', 1933939865)"
"('corey_norwood', 24187693)"
"('emily.oakes', 55805602)"
"('paytonsg', 290158254)"
"('cenitalchile', 2124656562)"
"('stationdl', 6327864180)"
"('bmccraejr', 570300174)"
"('camilarice', 15097157)"
"('_cheechee818', 5371713628)"
"('ylpic', 2034677080)"
"('britteatss', 3552114719)"
"('talyawellisch', 783984036)"
"('melinda.zumazuma', 206903328)"
"('amandas_yao', 2150997708)"
"('jj.sistagram', 7764664047)"
"('erinbrennanburke', 641876042)"
"('cathlynmedina', 625944279)"
"('emma_cbutler', 513678258)"
"('shaybreeeezy', 11001315)"
"('shevchcenko', 1734771832)"
"('greatsinner', 565317912)"
"('zakuga', 3565857846)"
"('maum_photograph', 2364485950)"
"('a_world_', 1271471561)"
"('d.chae', 186004168)"
"('vickyzhou8', 4377358363)"
"('koalavanessa', 3674893732)"
"('casual_cadence', 507322842)"
"('greasyharmony', 1177226211)"
"('minjieats', 7749720748)"
"('elizabethrpan', 7299980351)"
"('integratedcoolingsystem', 407939347)"
"('wenchu_zhu', 1685253462)"
"('veracityyy', 2111511323)"
"('viviandong13', 6919538968)"
"('rrene_hc', 360495501)"
"('tttiffanyxzr', 3282406690)"
"('edithmares', 268261922)"
"('jennyyyyfu', 3303897112)"
"('calista.shang', 45607958)"
"('siathekat_illustration', 2201254255)"
"('insta_elaphotography', 42580015)"
"('smpl.vlad', 10183411)"
"('creativefuckers', 5316696911)"
"('sanv1sual', 2243587542)"
"('the5moondogs', 7750973237)"
"('nate_goodman', 41576313)"
"('madebydario', 3047049722)"
"('_victorialin', 1729401315)"
"('chreezy31', 6782244)"
"('kokurie', 4027101992)"
"('luigi_quarta', 3269387765)"
"('resulmentess', 2158852626)"
"('jessica.kim__', 1235674298)"
"('choralemiles', 1736935776)"
"('thomastran.me', 43267700)"
"('alexis_art', 190858211)"
"('hareytwan', 364407900)"
"('christophkulmer', 321107057)"
"('jcstyling', 15374194)"
"('grand.fin', 1137649290)"
"('kolya_illarionov', 7632588356)"
"('lilco23', 1137400104)"
"('daniel.chan8', 1921703138)"
"('imanor', 2696404)"
"('i_ayeh', 288412316)"
"('_max_koenig_', 1431855839)"
"('ispcreativestudio', 7088965855)"
"('doosiaak', 5777228697)"
"('kit_scatttt', 4231245393)"
"('_emilydai_', 7558030178)"
"('alex.michal.k', 1205492991)"
"('lina.lim_lili', 5830146914)"
"('evelukensday', 2376761254)"
"('sarbuch', 26029225)"
"('pekeshorked', 362185627)"
"('celticcrusade', 29846346)"
"('theyoung.and.heartless', 182153001)"
"('ninayuchi', 307115734)"
"('cynthialu_', 183025752)"
"('otteriffic', 10464005)"
"('alexmichellephotos', 4278176566)"
"('jasminegutbrod', 3587539305)"
"('cindy.artist', 245460548)"
"('zannie.w', 433388718)"
"('lucascamillo1999', 4000259858)"
"('_rightupyouralley', 567614278)"
"('mattkovoor', 7557153146)"
"('hanna_barakat', 174651724)"
"('ryan___singh', 401453378)"
"('amandalhan', 282445850)"
"('muragxiii', 2218259670)"
"('jadorue', 445948498)"
"('han.nguyen', 1262491251)"
"('evelynliuphotography', 3991406862)"
"('merawhitegirlaccount', 7305571826)"
"('phharvie', 1337452457)"
"('mjalves98', 233704118)"
"('clairvoyxntphotos', 4772868120)"
"('toddanthonytylerphotography', 1740400939)"
"('ericaroperburke', 497804188)"
"('sara_montoya_art', 211175405)"
"('creativejoos', 2965895553)"
"('purpleabbie1104', 26429050)"
"('brynlourie', 184742379)"
"('cliffweitzman', 265084527)"
"('_jnks', 182100739)"
"('beastr0ff', 24808278)"
"('photoartbykulpixx', 1905064763)"
"('clairekimnarita', 25707347)"
"('drewbuchser', 18219013)"
"('livsimms', 174456238)"
"('ree3k_', 384219078)"
"('kickslogix', 1942117806)"
"('eleanoravril', 836900732)"
"('_sharonazel', 1482409596)"
"('filozinni', 1700403119)"
"('mollytl', 233668264)"
"('polbondarenko', 4371305933)"
"('b_aleman', 382240484)"
"('davis.hilton', 16948685)"
"('blobgal', 4164177795)"
"('hesham.zaher', 1796867664)"
"('coffeetomoto', 3006645506)"
"('xixijennifer', 1433439938)"
"('sarahbermans', 2048873831)"
"('biryanimasala', 2117401017)"
"('kylafinlayson', 2273817012)"
"('bpereira2', 201076235)"
"('cailinfrankland', 456960665)"
"('nikita.ramoji', 426935262)"
"('sharock848', 5594998120)"
"('markcrilleyreal', 533059296)"
"('kevinxiang3981', 4452817646)"
"('brandonbarry1', 525641176)"
"('jmemeric', 1395056851)"
"('srinjoy98', 222681681)"
"('roxanne__barnes', 269309853)"
"('instameetpvd', 2213203031)"
"('saltzakzak', 6780366140)"
"('zachary.espiritu', 247936112)"
"('vanessafajita', 7146882476)"
"('devwalll', 3679613472)"
"('emilycontois', 200695726)"
"('alphabr0thers', 7458815778)"
"('rebelleartisanbagels', 4165909597)"
"('francescagboss', 291387081)"
"('maromisagi', 5525309028)"
"('emilyjaneerickson', 814881365)"
"('mikeygribbin', 42657791)"
"('azrieahmd', 18607748)"
"('katie_vasquez98', 175955230)"
"('akitospencil', 2714649899)"
"('sollenaphotography', 12571787)"
"('dacil.fernandez', 814814465)"
"('benyarts', 36924347)"
"('jaykayjenny', 26203729)"
"('sycra_yasin', 6643866587)"
"('elvira_fleury', 1385695619)"
"('mr_mangaka', 2130217548)"
"('fujifilmjp_x', 2234461089)"
"('joshkkkkk', 21433804)"
"('rayyster', 478353804)"
"('carolinebuck_', 177928911)"
"('neil_indiana', 1452929142)"
"('rathish_ambat', 269868164)"
"('taira.san.no.atowaku', 2186277707)"
"('aileenchowdhury', 30301953)"
"('jaxflussbaum', 4582257605)"
"('kris10.l', 305166908)"
"('coltography', 1943707)"
"('nicolaschae', 21363188)"
"('simeondukov', 257566643)"
"('sunflowerman', 12288737)"
"('rainhoeee', 6096272800)"
"('shekaroniandcheese', 7197390725)"
"('iwannabeadylionaire', 6575580356)"
"('tanyaaa1205', 2214705066)"
"('classicmunich', 6981409309)"
"('exclusivemensfashion', 3462467760)"
"('knightimes.official', 2540669980)"
"('hypefocus', 4001827684)"
"('fashionbeanscom', 391911405)"
"('malephotography', 3718319)"
"('tayutaill', 5726634174)"
"('machiiart_', 1600915382)"
"('ely_sium7', 1957723875)"
"('_amandasiegel', 317250430)"
"('iamrishabjindal', 2318275305)"
"('shakaibferoz', 1530986788)"
"('tylersanford', 42907208)"
"('m0hammedshawa', 433079853)"
"('luke___________minimal', 24508899)"
"('heidianneerwin', 257566334)"
"('kaitsta', 13061303)"
"('en.ps', 4477497887)"
"('cristiansartori_portraits', 5898714805)"
"('dipankarsambyal', 2244476298)"
"('wy.an', 240758046)"
"('jihan_jerry_chen', 3557178883)"
"('sergebelin2308', 4147299083)"
"('vineetbaya', 6969629572)"
"('heather_roams', 213160882)"
"('inoue.sarah', 7033853536)"
"('fawazwb', 1707571951)"
"('shittyheart', 5650836459)"
"('rachelgassler', 20613496)"
"('gbarisha', 6983800431)"
"('victoirescherer', 4724522088)"
"('cheesefryes', 3548386665)"
"('cloudkid', 1523060788)"
"('laxswam', 214687705)"
"('spatialflow', 249453996)"
"('b.aa.ni', 1090017144)"
"('justinlaurens', 588139502)"
"('jczyborra', 4024355)"
"('nikitaklaeastrup', 3139380857)"
"('kevinfreshwater', 53663057)"
"('jaxnussbaum', 47927089)"
"('rilanajosephina', 2287127271)"
"('shinmincheol', 504650400)"
"('ponyboypearson', 186542089)"
"('ary_096', 1619221904)"
"('laneyepierce', 1593799194)"
"('kanishk196', 1433577844)"
"('bhoomii98', 3871471311)"
"('ujjjwall', 5748141058)"
"('karthik_pitchayan', 275486153)"
"('jenna.e.i', 6372488756)"
"('julie_cali', 22966421)"
"('aa.vision', 2075280797)"
"('hytha.cg', 342385213)"
"('tomlees1', 2905792421)"
"('skip_closer', 2276477906)"
"('tabannette', 603010563)"
"('garrettawilson', 1785785865)"
"('samanehphoto', 1364505664)"
"('shotinhk', 3761181686)"
"('flaviopasco', 2349012254)"
"('intothefab', 2314797940)"
"('dane.isaac', 20261625)"
"('jacksargentphotography', 184975381)"
"('sofiejmz', 192273544)"
"('iyengar94', 634484982)"
"('crevixa', 1931325370)"
"('brianwyang', 3122233032)"
"('nightsnlights', 20676538)"
"('melimphoto', 3269661920)"
"('dont_b_greedy_scherer', 5371005823)"
"('a_jumbled', 349334979)"
"('generalassembly', 26824385)"
"('elenaoluchkina', 276538303)"
"('_william_c', 898525735)"
"('photosby.alanna', 2274946707)"
"('panos.syr', 4066035939)"
"('jennahniewon', 6111567242)"
"('d.bloom11', 5577548510)"
"('saloni996_soni', 3061212110)"
"('tmike5623', 1552783619)"
"('gardygard', 248265373)"
"('p3rths', 3280475532)"
"('tambuntingj', 36419725)"
"('future.keys', 4341404538)"
"('shivangi0330', 1315623985)"
"('jamesli___', 5439318083)"
"('prhaimerib', 11434056)"
"('emilyredolfitezzat', 6232503352)"
"('bradgooseman', 3832551894)"
"('melinatottas', 6073097800)"
"('maddiegbriggs', 4122871362)"
"('mhtimothy', 601971756)"
"('samaneezm', 180857704)"
"('thepangeans', 5489945962)"
"('aaronatanacio.photography', 1969382798)"
"('kjp017', 4086810633)"
"('_carmenzheng', 55053405)"
"('skuldhilda', 2198870417)"
"('carrie.zy', 265080586)"
"('chris_barclay', 43624129)"
"('sabrinazbajwa', 354356338)"
"('nikkimcola', 182879148)"
"('kevin_garfield', 1201939121)"
"('sachin_sastri', 2263484636)"
"('rahuldey700', 5719859482)"
"('parthkhanna150', 3262634860)"
"('nkprod', 1913396273)"
"('its.abbyp', 52601294)"
"('hasheeba', 144302764)"
"('dmaniaofficial', 4003131269)"
"('duanrainy', 2690406056)"
"('zippi.ty', 1436314679)"
"('chenneillll', 1595951962)"
"('alexanderjkim', 236985233)"
"('nathanielostrer', 2695019754)"
"('raika_hoda', 1210794114)"
"('duttonorey', 6272663404)"
"('maxdekle', 535085817)"
"('rishi5799', 2257263524)"
"('mffranco', 192451380)"
"('ryanwaneka', 37802965)"
"('sci_toons', 3936068840)"
"('belmanwells', 3510694542)"
"('beaty.shot', 3320511862)"
"('jk_0413', 184572996)"
"('threeohthrive', 3422748769)"
"('user021899', 2176550876)"
"('sbhuson', 591370704)"
"('nagarpalika_memes', 6143858991)"
"('korwenna', 26862837)"
"('trillriq', 659101613)"
"('thesarahyouknow', 2268292032)"
"('gis.hoxha', 5829660729)"
"('kanhaprasad', 1519704112)"
"('ko_lima', 2014417823)"
"('ivan_ip27', 272604649)"
"('gucci.flawless', 34045883)"
"('raj_jaiswal', 187234171)"
"('oceancosmonaut', 5555275762)"
"('amanda_mick', 254288379)"
"('jackriccardo62', 280989878)"
"('mollychambz', 297034081)"
"('matits_ee', 3508314452)"
"('joevarneybristol', 6062786983)"
"('sam_e_cohen', 174722120)"
"('thananun9', 44628170)"
"('watermelonsourpatch24', 4582793746)"
"('miamanjingwang', 581084690)"
"('julestetreault23', 1937029162)"
"('imageinapp', 4517643222)"
"('johnagramz', 33011636)"
"('qaan99', 185615949)"
"('brevitedesign', 1134688953)"
"('faustinecorbani', 194737562)"
"('dekahan', 143986916)"
"('humans.of.rhs', 4970002498)"
"('athiwat_boss', 234979790)"
"('maria_rdzzzz', 337864185)"
"('emma_rook', 3022770033)"
"('elias_solis34', 146268211)"
"('samaniescott', 7748232)"
"('alliefilan', 444756216)"
"('rissa_dorn_', 1214876400)"
"('eliott.dm', 1810688909)"
"('sumerathebaker', 3142558930)"
"('faustinewheeler', 4080949786)"
"('nari_nao', 696371696)"
"('tydlwav', 4864361138)"
"('soham_1617', 900410459)"
"('melisssacruz', 2907037081)"
"('hardik.0998', 1213123914)"
"('karynaatha', 253448261)"
"('pratham_kumawat', 5976774847)"
"('katepetitpas6', 248008048)"
"('charismatic828', 581405669)"
"('matthewdairy', 5980521100)"
"('tonee_ww', 2236471197)"
"('bigeasy_9', 1976673264)"
"('annabellehutch', 365935240)"
"('charliefaberii', 1519389721)"
"('choco.churro', 3670005720)"
"('lindsaygmarie', 180303512)"
"('hongalongsong', 3948963873)"
"('bretram.r', 342492389)"
"('kvwina', 3664120347)"
"('lydiadef', 346787150)"
"('elizabethrolfes', 320165861)"
"('celia_hack', 184282037)"
"('erik_chen21', 329633572)"
"('amanda_ng99', 1555641566)"
"('sai_kurapati', 1516162704)"
"('dylleealt', 2463913462)"
"('blujaygal', 226409402)"
"('daniellaviviana', 44219159)"
"('ching__lam', 45141583)"
"('bostonconnect', 5384945994)"
"('abatty36', 279582957)"
"('a.ll.iee', 185630122)"
"('providenceeats', 2347143547)"
"('goprovidence', 267192604)"
"('anchita_dasgupta', 3143244099)"
"('newyorkcityinspired', 1146507834)"
"('sagevt', 3656942849)"
"('riddhi_jain18', 441955594)"
"('inkandlens', 4685751171)"
"('luisb239', 1589362072)"
"('agarwal_tanshi', 4088249017)"
"('maggiemfowler', 27450956)"
"('dentistsinging', 3006281612)"
"('jannilaakso', 36448561)"
"('mystiquephotos', 3248346865)"
"('lukes_sketch', 3257377362)"
"('akankshatulsian', 1400492414)"
"('oye.mumbai', 2087477378)"
"('rsvn_', 619239194)"
"('mrspencermurphy', 2225547510)"
"('paparazzo1027', 5469117957)"
"('naruto_7nk', 2244794894)"
"('golu_mahek', 3095325843)"
"('shinigami101', 1580638590)"
"('anraarting', 1948304797)"
"('fufuwahied', 504368289)"
"('rabzzyy91', 272259593)"
"('nehal.beniwal', 4920874309)"
"('killyourchill', 2259435784)"
"('memecanics', 5356530811)"
"('memechanics', 5481132448)"
"('vaidehy06', 5681656775)"
"('gosha.mr', 1117766004)"
"('kulgaurvi', 1426781638)"
"('mayankjain271097', 52270364)"
"('prakhar7m', 407774253)"
"('rohanprdn', 3630881906)"
"('mikejohari007', 3562464195)"
"('ferdian213', 1935562976)"
"('meligafie', 1243678110)"
"('shot.from.sky', 4269926199)"
"('abhin.joshi', 1611004339)"
"('mylifeaskitty', 706629897)"
"('adrianros_', 3198888796)"
"('myphotoshop_', 2855261021)"
"('asntm', 619194162)"
"('asianextopmodel', 1522809347)"
"('portraitsedition', 4514260440)"
"('laxman._.soni', 5608424304)"
"('sukriti_kala', 1588855032)"
"('harshitajadiya', 1489127183)"
"('odincomix', 2270879127)"
"('privaleged', 4760706590)"
"('joshua_rana', 1215197143)"
"('hridya_khatri', 4649030686)"
"('ishajagri', 401671117)"
"('jag.sis', 1956559470)"
"('yngtj', 412525652)"
"('rajviparikh23', 5496452332)"
"('ishani.nagda', 1758461703)"
"('honey.nalwaya', 532884208)"
"('treehuggingprotagonist', 1693538150)"
"('zaid._.qureshi', 2725151376)"
"('_10.3.1_', 3109433876)"
"('shapical', 1568195472)"
"('arc__noid', 3987660089)"
"('fucough._', 5511767466)"
"('8mpstory', 3427011877)"
"('whereisone', 2143300711)"
"('thor.stead', 657619677)"
"('sanjam_98', 2396549928)"
"('khuranatamanna', 1497544734)"
"('imsudha', 250901731)"
"('udaipursenate17', 5400937631)"
"('artekii', 4176039100)"
"('quinal1205', 4050642832)"
"('kaitlyn_cook_', 1035092447)"
"('esteban.arts', 1469711147)"
"('friky_draws', 2758501727)"
"('brianadas', 368215251)"
"('mayer.victoria', 2347629868)"
"('marcofazio73', 1551605)"
"('dscvr.earth', 1763789193)"
"('diya_kothari', 1591452980)"
"('adit.verma', 222455398)"
"('theindianroute', 1015112577)"
"('bingechampion', 2348703048)"
"('simplyshubh_', 1555456371)"
"('rafael_sketch', 334475058)"
"('americanhoite', 230899602)"
"('sheetaljohari', 275459489)"
"('phoebekennan', 456305616)"
"('ericalj8', 1576346709)"
"('aarongove', 1955325508)"
"('colorblastweddings', 1812340)"
"('misraoz', 278674895)"
"('tunacoluk', 197121136)"
"('ramsey.swain', 2262373230)"
"('ellie.rose15', 226136090)"
"('maggiebachenberg', 4500268362)"
"('realmohamedali', 1513298695)"
"('della4795', 315866406)"
"('morgan_miller430', 2145293926)"
"('mattdewolf1', 272067356)"
"('marielslmn', 50114002)"
"('dantefdemarchi', 232858076)"
"('amandahinh', 268232859)"
"('iz.hend', 26027768)"
"('intoxicating_ruin', 3676080557)"
"('harshrajmehta', 259780837)"
"('ahujaamanveer', 4619605072)"
"('shubhmodi', 1315110537)"
"('alia_chittoria', 4795404015)"
"('splen_div', 3286317344)"
"('dollssss', 791053905)"
"('gunjan99_24', 2320293318)"
"('dakshatelang', 413232102)"
"('anjali1807', 398656228)"
"('ceciliazuccherato', 237703358)"
"('simplymrinaal', 3639136789)"
"('bhumika_jadiya', 669427630)"
"('syedsunnyahmed', 606597598)"
"('himanimali30', 3296109274)"
"('gunjanjadiya', 1932830184)"
"('kushagra_soni', 1602933123)"
"('shredded.art_', 2372423343)"
"('uttxrx', 1837238349)"
"('kanakvi22', 344482025)"
"('kriti_kothari', 1644272681)"
"('pranav4400', 2459576893)"
"('daviderdelyi', 250979296)"
"('xtramoney', 7927780)"
"('focvsd', 1597757296)"
"('flytepath', 1820664795)"
"('disyouth', 1643367615)"
"('fartatoes', 184696741)"
"('castillonaire', 400604923)"
"('amysteryman', 523849568)"
"('urban_sun', 2002895980)"
"('james.horizon', 1199778504)"
"('simone.bramante', 3046210866)"
"('amitgaur10', 2921321117)"
"('globeonmyplate', 414198312)"
"('amonkwhomight', 4229551028)"
"('aryan_chauhan_7', 2370178819)"
"('abirdasworld', 2318209187)"
"('kun_aaaal', 1712380365)"
"('chetenya_soni', 1288758681)"
"('nagorishubham03', 2926680484)"
"('dhruvsrathore', 4177913160)"
"('count_turtle', 1305517822)"
"('i_am_puven', 208736991)"
"('_mroodles_', 1958182479)"
"('nandiniisoni', 322984726)"
"('nurmadihah86', 2315229598)"
"('captain.anurag', 4412276370)"
"('shaurya_dalal99', 1303604563)"
"('viralkothari97', 3446587350)"
"('bharat_chugh82', 388057619)"
"('prasooooon', 3561371417)"
"('amanganna', 1539246538)"
"('jaywrat', 385582514)"
"('yugvirparhar', 1393696226)"
"('swayambhargava', 895444682)"
"('bhatnagar_nimisha', 2017659920)"
"('garvit_mathur', 272155403)"
"('tushantnagpal', 312012432)"
"('sankul_agarwal', 2250401127)"
"('sarvanshnagar', 1993115179)"
"('mrinaaall', 3298269524)"
"('kuber_singh', 331981444)"
"('amoghshashank', 1550890364)"
"('sid_swain', 492699506)"
"('anirudh.sood', 556384975)"
"('ayaan_k_h_a_n', 1583133076)"
"('jaydeep.jn_17', 428747931)"
"('bhavikakhamesra', 3054492928)"
"('iamshivam8', 2277288101)"
"('sheikh15nabeel', 1540295219)"
"('rishabh911s', 279947986)"
"('shravgoyal', 1492727539)"
"('nasir_suhail_khan', 3594241350)"
"('azeldavid', 1484047994)"
"('pratham_8', 1350236575)"
"('param._.3', 641243394)"
"('vishwasdhabhai', 4224069311)"
"('rishabhmehta.mayo', 3007643057)"
"('adees_art_gallery', 357164829)"
"('kunal_mod', 1314621180)"
"('sunaina304', 307702489)"
"('hrithik_23', 1037549736)"
"('chaos.akhil', 1776647941)"
"('nitesh_tak_fitness_and_bikes', 3680532987)"
"('abhi_ruparelia', 3258181502)"
"('aryan_stark', 2275010441)"
"('chitranshpurohit_', 4028409429)"
"('kshitij_nair', 1292441944)"
"('sekki_p0rk', 2947575290)"
"('mahikajhota', 1627377449)"
"('nur_maddiehah', 295645225)"
"('_shammiiii', 424091359)"
"('altabiceps', 1529208631)"
