9gag,259220806
nochill,346080030
manchesterunited,491527077
pubity,1431724849
memezar,2374691999
thefunnyintrovert,1328666350
idiotic_sperm,1976211334
ellentvshow,300696483
paulpogba,2482066817
log.kya.kahenge,2136831433
meowed,504544916
ghantaa,1491142059
foundr,504681590
allindiabakchod,944987022
doggosdoingthings,2290782703
danielarsham,178805392
ttt_official,1064323469
sonyalpha,1680602805
tedthestoner,1130260998
thefandomshelter,1968360068
brandonwoelfel,16659874
moodygrams,2126575988
artofvisuals,1535360383
8fact,353770979
tonimahfud,8163978
hubs_united,2017743830
higheststreetfashion,2854874115
jasoncharleshill,10898757
globe_visuals,4746470669
globe_people,3682856001
albertovaranda,4342727712
photos_dailydose,5421409313
_taxo_,238269254
sakimi.chan,1693801357
shiranou,1987883379
vsco,40238620
mensfashionpost,13422978
zachking,14805456
sam_kolder,510990121
maxrivephotography,1671843770
memedeliveryguy,276224926
pakalupapitocamel,2082905246
bokehm0n,230975865
petermckinnon,3681568
lightroom,1530360872
visualsofjulius,321788112
hobopeeba,47276232
didyouknwthat,1972087440
masipopal,198710144
thebestoftumblrofficial,1420976810
shitindianssay,2210822391
bryanadamc,681482329
portraitpage,1640901241
jude_allen,1230397
fursty,5514235
eclectic_shotz,3002226350
visualambassadors,2349414293
streets_vision,1948936066
gabscanu,745531022
photoshop,1311592681
chetri_sunil11,197548342
yantastic,1435649
caliallstaring,465499471
tobishinobi,8159137
zachallia,319505
luizclas,1517574560
qinniart,217765913
kawanocy,1420601008
rkrkrk,272366
ladowska,1655745976
highesturbanwear,2901374690
carryminati,2075305619
eastindiacomedy,1405111356
kai.boet,1965503199
savagestudents,1694824734
nycgo,18078794
timeoutnewyork,9179228
edwardkb,564831
500px,4018952
kellansworld,356157615
ronnaldong,1539290367
ourportraitsdays,3477539028
portraitvision,2951233875
pursuitofportraits,1723727621
marooshk,287676651
nikon_photography_,174924244
buildyourempire,832133137
banterkingmag,4276558330
helena132,49424609
locarl,36950614
alysontabbitha,1900431058
wlop,23368410
urbanstox,1508395323
joelrobison,212371580
mensfashion_guide,1540053740
heycnyn,235642776
dfreske,12247919
ianharper,197709240
artbyartla,2368887404
adobe,27525424
urbanandstreet,1377474309
viewbug,199535525
heatercentral,1545493669
bora.vs.bora,11581228
curious_components,173939547
happy__trader,4706218231
seantuck,10291941
8thdamon,2219276397
jethroalaba,2076289
vincent_bal,1575692302
sannalinn,4827190
guweiz,1537999246
ashiyaart,1189669230
lwbv2001,1698528212
minoritymindset,2318263683
illgrammers,53237725
laughsfor_abs,842604855
sarcastic.ind,3568404225
theoatmeal,17392114
portraitmood,498750255
_tuck4,7287468
kolourco,648046685
kattyyya,47537798
mrvahn,26145459
isable_xu,273662369
peacecreature,31306666
aoiogata,2542414735
sails_chong,371145689
tomrus,13438273
shanivarner,629585770
7kidz,178985214
kingy_kings,1367110617
shadow.boxer,412478286
raemion,1806694333
guiirossi,307462824
yskkmt2,2952635068
nevahosking,190789499
art_p3rry,3467730694
kiyanforootan,24926701
manipulation.clan,3058524072
hustletouch,3890704910
zhcomicart,2967208072
milesofcolor,1381146941
j.diegoph,4330499084
brownu,201918634
elizabethgadd,176042428
madebygoogle,4512854723
markian.b,589098461
hyo_joo,192887400
bluetexticons,3521729806
e4rlyr1ser,30046955
aovportraits,1768033846
leagueoflenses,2949029493
kingvuddha,714926800
studio_odin,1482236798
erik.joh,3828275
northborders,463620696
instaudaipur,1359296281
pornsoup,1279738007
udaipurblog,1245257616
jfeord17,46350553
thefakecynthiaguo,7233714947
henryjimenz,288875823
doyoueven,284224337
mehakkumar,534375413
sunnobc,1953640079
just.indian.stuff,1639636658
thesarcasticpage,1636639381
hypeshock,1207104117
davieg8,628104247
shotzbycarity,7296248257
thehoodsfinest,905880630
steenromantic,145553235
dubnitskiy_david,4351097077
mollyyusher,175940705
_ronnygarcia,188220797
charlies_wanderings,30119548
harshitapamecha28,1335800278
thephotoplug,6451684304
jay.liap,6091868682
quokkaflocka,1522577186
e11ie_seid,310775947
kanika868,553613881
tanzinatanny,320445913
madtev,490875416
ashleyqtruong,1174300745
mememanmyles,3995688671
chatelp,1901383
abhirun_das,2141646399
theauragraph,7907770010
k_kasimova,224572849
hoereacts,2175950661
prosperine666,8005552197
jhonmetz,2102578709
mittyhh,486314669
sumeyrz,291916126
rosemarythreads,4152406421
thegoodcomedy,1448035326
katjaglieson,297352744
justine.elizabeth_,2097445355
amy.dlt,48997979
hannahhpadillaa,194952284
riddhi_umraniaa,292662645
markparreira_,1798972203
coinscanner,6914498399
ryanzang,649816799
food_fritatas,7581457459
louiskfisher,2967734103
wood.wills,6893565630
fffuuuhhhddd,5520424703
chris.morillo,2244080018
xian.sun1994,7432880349
jamesbiggs99,4715443537
tmb.arts,7945936366
simonerosephoto,7091884406
memes.point,4461204350
ant.onella,357265347
danbilzerian,50417061
metcalf_101,4673630408
epicfunnypage,880851722
avnikataria,282737796
muffoons,1437597125
hardyman123,204615892
nids.bhaskar,2100606459
chesnacks,5796532981
fictionheart,21192252
eliemac,16208555
juliareynolds,27481104
mrinalverma,344625869
mehakkmalik,552239815
youknowcyc_,383602762
unsplash,920486988
srmasylum,6906777387
oluebubeoti,4565358807
youngjie_cho,1962729517
dayton.w.dx,6291231650
gw.ugy,7398871958
hardi_wb,34709595
ryandempseyphoto,7244964085
jordan_murdy,604373149
giggling_monkey,45966418
fashionbyora,4157513561
catchingmystars,30073519
withluke,2355837510
nicoleerosenthal,245643232
rylan_pade,267341137
talmemaybe,223548095
gracewndeng,4058956986
notmonica,2908136158
mat.kot,1724022661
sophie___ball,498847964
sagarmanjarres,41675272
cadendumas32,265666189
katstambler,10318221
cam_and_cheese,1541748180
ms_selfportrait,5786263942
mathieuhutin,4056750039
ecmcduffie,13650363
sabrinablatteis,25332065
jewel_collins_,42383214
flphotostudio,1820062582
tiiffanychan,30939674
shcoopadoop,190954901
tmarshi,199829824
jocelynltam,186832754
audreycastle_,292180724
bellavisionphoto,5599939852
modelisabelvinson,337917048
indian_macchiato,1511336201
moshelnutt,292212886
hgiancarlo_,383493685
sarahnoele,43633401
cathycampo,185762661
brownderbies,721522864
dashleydim,306976221
ghani_mustafa,1987032993
ianlapham,182518607
ben_dash,3169303946
brfgolddart,7493282423
carolouiseb,1006113120
annwitz,14667045
juanmunetongallego,6650062176
samanthacahillfilm,7425564540
normie_noob,2371249050
natezoeller,1369377
ibakhtiyor,4759560835
maroon.macaroon13,3271417986
simply_wassa,2013112576
bblinn2021,26984769
qiqi.ren,3988257713
melnukoff,348236654
austiiinnnnn,1363694341
kristinalowndes,369974610
olivia.siemens,738513680
kevinedo3,5982354562
kristindenise98,603653749
atvklli564,7703768556
scoconut26,800596710
rakhi_kundra,1365852289
geo._.lee,3740203164
kanspurling,6872737165
jonascohon,1769345577
ellengling,201884590
lizaaapup,7220268871
catherine__liz,5190443836
johannawong,1255153858
nicole.nevitt,19507674
ifloydxca,199364641
stanfordinnewyork,4729808209
kallanson,10913815
wulovesfood,3249280316
hannah_nolan,280825169
emilyminnyk,681607156
jenni4xiong,182438442
mikaseats,581845794
goosek_,2121022311
duck.wizard,46852156
chris_savvides,2331476107
bernie_cinders,2111453
carolkhung,227537763
lim_abean,2088131289
albi_crespo,1634377209
priyanka_thaker_,259796679
negan_egan,5565249526
melissakate8,16759381
vj_ydv,388058908
julia_pew,24686292
angie.kim,48179417
gabiqcampos,222403867
fariri.sensei,6048773330
collinstark,46381649
s_kreamy,458908054
tripsirna,256929802
stefan.straeter,211662828
tory_center,274605087
theshuttersyncstudio,399222579
kamerawaledost,4918781071
belakusuma,10383310
lightsonfilms,210733682
mohitfornow,1384377829
w.y____t,508629162
hokamono,1530916744
natasha.eklove,830567800
sydvantil,28519271
caleb_apple,2874088424
saiallu25,7569868819
c.andybar,1480577698
j.horizon,5996126926
mlincoln72,1812744670
elliotchoy,337212245
oscar.newman,1613814157
samir.visuals,4268347584
seanpatrickdurham,3432170884
theamazingknight,220985034
mobymav,22835754
elponzophoto,2014046061
ryanhattaway,26523237
jenw.photography,6652761669
bmundy63,334922171
kpinko,20244483
maocool,277482423
seyahz,15788545
ahowc,245446608
brownlovers21,6977230016
nrips,412291105
oliviarosenbloom,20433073
haleyhoffmansmith,41041860
katefarwell,4583501
aabmcdermott,213317531
jessie_sugarman,40430130
kat_chai,588794517
naomypedroza,3270037663
cruz.joaopauloc,5705787338
kileigh_coleman,206077678
destinydeanda,1474495555
leahfoww,18737487
photo_vittorio,418160355
sydd__,189258148
caseyscaptures,186210831
kelseyrodd,183926807
lindseyyclarkk,1519203763
samclardyy,20672087
hngvyen,257883852
morganjawner,26649568
quinnfa2,30175042
noahrubin,182194969
__boy_blue__,1058607468
isabelblalock,309758414
emily_kate30,215977331
charlotte_rubin,225685629
ianchiquier,3486655227
amandalehmkuhl16,627913416
aphaneuf14,1277434805
camdenbaer,429605045
jraviv,209689511
_bgiampetroni,968562853
hoconnor50,1836459035
gusrodriguez2,1105026897
hgorbani4,6977917063
wajeyogesh143,6917531345
chinwezetessy,6894644556
kingakvoice,6964640292
alisianapauulo,7018049331
wildstresscat,6665075396
abmcenroe,504488624
ariwells,146207139
mohammad_jaber7799,6984159457
salma_tareqq11,6991294066
thangaraj7017,6983390153
kurt_maharaj,1474981530
gusvannewkirk,3136430602
laurenreischer,308744463
jabrams35,4706004364
left_nippul,7018571590
hagood.mackenzie,35874928
yologan_baron,213852294
jlkendall12,557359930
ryanku98,3815413048
o.wilson,48470591
melissamlee_,225101912
intellectuals_of_tinder,7322498945
themostmagicallife,5816759061
silentknight.0,6979607929
miad.f2,7760342244
happy_chumper,7543728442
manrique_in_empachers,7202894213
cjcenta,7772498203
_meganmattei,285206085
azee771,325067386
timburnsowlmtn,7745203559
tapdancinmidget,7816246846
mattie_hagestad,276645153
slamborghini_murci,1173577386
ellieday.m,3248228217
macon_reed_studio,2931741312
blindbarbersmusic,4570698210
harrisone16,23614071
marco.a.p.berg,4641944855
righteoushombre,1996118767
bozvision,2075298392
oliviadkuk,173553391
dana.lannen,26644265
vanivg,285136882
sksquared,178476700
jaykvy,178195496
shushu.home,5745729333
crispylite,1561079804
j.melichar,27277246
ditpict,441986439
cobri3n,300259896
max.visual,1960446990
wastedph,293108300
reverberestudio,14416670
worldofteo,350747066
alan.jm,300816654
alleviation_,4464460490
marilynnnguyen,402671128
cheryl.chan,7758795
viv.fang,1933939865
corey_norwood,24187693
paytonsg,290158254
cenitalchile,2124656562
camilarice,15097157
ylpic,2034677080
talyawellisch,783984036
melinda.zumazuma,206903328
amandas_yao,2150997708
erinbrennanburke,641876042
cathlynmedina,625944279
emma_cbutler,513678258
shaybreeeezy,11001315
shevchcenko,1734771832
greatsinner,565317912
zakuga,3565857846
a_world_,1271471561
d.chae,186004168
vickyzhou8,4377358363
koalavanessa,3674893732
casual_cadence,507322842
greasyharmony,1177226211
minjieats,7749720748
elizabethrpan,7299980351
wenchu_zhu,1685253462
veracityyy,2111511323
tttiffanyxzr,3282406690
edithmares,268261922
jennyyyyfu,3303897112
siathekat_illustration,2201254255
insta_elaphotography,42580015
smpl.vlad,10183411
sanv1sual,2243587542
nate_goodman,41576313
madebydario,3047049722
chreezy31,6782244
kokurie,4027101992
luigi_quarta,3269387765
resulmentess,2158852626
jessica.kim__,1235674298
choralemiles,1736935776
thomastran.me,43267700
alexis_art,190858211
christophkulmer,321107057
jcstyling,15374194
grand.fin,1137649290
kolya_illarionov,7632588356
lilco23,1137400104
daniel.chan8,1921703138
imanor,2696404
i_ayeh,288412316
_max_koenig_,1431855839
ispcreativestudio,7088965855
doosiaak,5777228697
_emilydai_,7558030178
alex.michal.k,1205492991
lina.lim_lili,5830146914
evelukensday,2376761254
pekeshorked,362185627
celticcrusade,29846346
theyoung.and.heartless,182153001
ninayuchi,307115734
cynthialu_,183025752
otteriffic,10464005
alexmichellephotos,4278176566
jasminegutbrod,3587539305
cindy.artist,245460548
zannie.w,433388718
_rightupyouralley,567614278
mattkovoor,7557153146
hanna_barakat,174651724
amandalhan,282445850
muragxiii,2218259670
evelynliuphotography,3991406862
phharvie,1337452457
mjalves98,233704118
ericaroperburke,497804188
sara_montoya_art,211175405
creativejoos,2965895553
brynlourie,184742379
cliffweitzman,265084527
photoartbykulpixx,1905064763
drewbuchser,18219013
livsimms,174456238
kickslogix,1942117806
eleanoravril,836900732
_sharonazel,1482409596
filozinni,1700403119
mollytl,233668264
davis.hilton,16948685
hesham.zaher,1796867664
coffeetomoto,3006645506
xixijennifer,1433439938
sarahbermans,2048873831
biryanimasala,2117401017
kylafinlayson,2273817012
bpereira2,201076235
cailinfrankland,456960665
sharock848,5594998120
markcrilleyreal,533059296
kevinxiang3981,4452817646
jmemeric,1395056851
srinjoy98,222681681
roxanne__barnes,269309853
instameetpvd,2213203031
zachary.espiritu,247936112
vanessafajita,7146882476
devwalll,3679613472
emilycontois,200695726
alphabr0thers,7458815778
rebelleartisanbagels,4165909597
francescagboss,291387081
maromisagi,5525309028
emilyjaneerickson,814881365
mikeygribbin,42657791
azrieahmd,18607748
katie_vasquez98,175955230
akitospencil,2714649899
sollenaphotography,12571787
dacil.fernandez,814814465
benyarts,36924347
jaykayjenny,26203729
sycra_yasin,6643866587
elvira_fleury,1385695619
mr_mangaka,2130217548
fujifilmjp_x,2234461089
rayyster,478353804
carolinebuck_,177928911
rathish_ambat,269868164
taira.san.no.atowaku,2186277707
coltography,1943707
nicolaschae,21363188
simeondukov,257566643
sunflowerman,12288737
rainhoeee,6096272800
classicmunich,6981409309
exclusivemensfashion,3462467760
knightimes.official,2540669980
hypefocus,4001827684
fashionbeanscom,391911405
malephotography,3718319
tayutaill,5726634174
machiiart_,1600915382
_amandasiegel,317250430
iamrishabjindal,2318275305
shakaibferoz,1530986788
tylersanford,42907208
kaitsta,13061303
en.ps,4477497887
cristiansartori_portraits,5898714805
wy.an,240758046
sergebelin2308,4147299083
heather_roams,213160882
fawazwb,1707571951
shittyheart,5650836459
rachelgassler,20613496
victoirescherer,4724522088
cloudkid,1523060788
spatialflow,249453996
justinlaurens,588139502
jczyborra,4024355
nikitaklaeastrup,3139380857
kevinfreshwater,53663057
rilanajosephina,2287127271
shinmincheol,504650400
ponyboypearson,186542089
kanishk196,1433577844
jenna.e.i,6372488756
julie_cali,22966421
aa.vision,2075280797
hytha.cg,342385213
tomlees1,2905792421
skip_closer,2276477906
tabannette,603010563
samanehphoto,1364505664
shotinhk,3761181686
flaviopasco,2349012254
intothefab,2314797940
dane.isaac,20261625
jacksargentphotography,184975381
sofiejmz,192273544
crevixa,1931325370
nightsnlights,20676538
a_jumbled,349334979
generalassembly,26824385
elenaoluchkina,276538303
panos.syr,4066035939
tmike5623,1552783619
gardygard,248265373
p3rths,3280475532
shivangi0330,1315623985
jamesli___,5439318083
bradgooseman,3832551894
melinatottas,6073097800
maddiegbriggs,4122871362
mhtimothy,601971756
samaneezm,180857704
aaronatanacio.photography,1969382798
_carmenzheng,55053405
chris_barclay,43624129
kevin_garfield,1201939121
rahuldey700,5719859482
parthkhanna150,3262634860
duanrainy,2690406056
zippi.ty,1436314679
nathanielostrer,2695019754
duttonorey,6272663404
maxdekle,535085817
rishi5799,2257263524
mffranco,192451380
ryanwaneka,37802965
sci_toons,3936068840
belmanwells,3510694542
beaty.shot,3320511862
threeohthrive,3422748769
user021899,2176550876
nagarpalika_memes,6143858991
korwenna,26862837
gis.hoxha,5829660729
ko_lima,2014417823
ivan_ip27,272604649
amanda_mick,254288379
mollychambz,297034081
imageinapp,4517643222
johnagramz,33011636
brevitedesign,1134688953
faustinecorbani,194737562
dekahan,143986916
humans.of.rhs,4970002498
elias_solis34,146268211
samaniescott,7748232
rissa_dorn_,1214876400
sumerathebaker,3142558930
faustinewheeler,4080949786
melisssacruz,2907037081
karynaatha,253448261
tonee_ww,2236471197
annabellehutch,365935240
charliefaberii,1519389721
hongalongsong,3948963873
bretram.r,342492389
kvwina,3664120347
elizabethrolfes,320165861
celia_hack,184282037
amanda_ng99,1555641566
sai_kurapati,1516162704
dylleealt,2463913462
blujaygal,226409402
daniellaviviana,44219159
ching__lam,45141583
bostonconnect,5384945994
abatty36,279582957
a.ll.iee,185630122
providenceeats,2347143547
goprovidence,267192604
newyorkcityinspired,1146507834
sagevt,3656942849
inkandlens,4685751171
luisb239,1589362072
dentistsinging,3006281612
jannilaakso,36448561
mystiquephotos,3248346865
lukes_sketch,3257377362
akankshatulsian,1400492414
oye.mumbai,2087477378
rsvn_,619239194
mrspencermurphy,2225547510
naruto_7nk,2244794894
anraarting,1948304797
fufuwahied,504368289
rabzzyy91,272259593
killyourchill,2259435784
memecanics,5356530811
memechanics,5481132448
gosha.mr,1117766004
kulgaurvi,1426781638
mayankjain271097,52270364
rohanprdn,3630881906
ferdian213,1935562976
shot.from.sky,4269926199
mylifeaskitty,706629897
adrianros_,3198888796
myphotoshop_,2855261021
asntm,619194162
asianextopmodel,1522809347
portraitsedition,4514260440
harshitajadiya,1489127183
odincomix,2270879127
privaleged,4760706590
hridya_khatri,4649030686
ishajagri,401671117
jag.sis,1956559470
yngtj,412525652
shapical,1568195472
8mpstory,3427011877
whereisone,2143300711
thor.stead,657619677
udaipursenate17,5400937631
artekii,4176039100
quinal1205,4050642832
kaitlyn_cook_,1035092447
esteban.arts,1469711147
friky_draws,2758501727
brianadas,368215251
mayer.victoria,2347629868
marcofazio73,1551605
dscvr.earth,1763789193
adit.verma,222455398
theindianroute,1015112577
rafael_sketch,334475058
americanhoite,230899602
phoebekennan,456305616
ericalj8,1576346709
aarongove,1955325508
colorblastweddings,1812340
misraoz,278674895
tunacoluk,197121136
ramsey.swain,2262373230
ellie.rose15,226136090
maggiebachenberg,4500268362
realmohamedali,1513298695
morgan_miller430,2145293926
mattdewolf1,272067356
marielslmn,50114002
dantefdemarchi,232858076
amandahinh,268232859
iz.hend,26027768
ahujaamanveer,4619605072
shubhmodi,1315110537
dollssss,791053905
gunjan99_24,2320293318
dakshatelang,413232102
anjali1807,398656228
ceciliazuccherato,237703358
bhumika_jadiya,669427630
syedsunnyahmed,606597598
shredded.art_,2372423343
daviderdelyi,250979296
xtramoney,7927780
focvsd,1597757296
flytepath,1820664795
disyouth,1643367615
fartatoes,184696741
castillonaire,400604923
amysteryman,523849568
urban_sun,2002895980
james.horizon,1199778504
simone.bramante,3046210866
amitgaur10,2921321117
globeonmyplate,414198312
abirdasworld,2318209187
chetenya_soni,1288758681
_mroodles_,1958182479
nandiniisoni,322984726
nurmadihah86,2315229598
bharat_chugh82,388057619
jaywrat,385582514
bhatnagar_nimisha,2017659920
mrinaaall,3298269524
kuber_singh,331981444
sid_swain,492699506
anirudh.sood,556384975
nasir_suhail_khan,3594241350
azeldavid,1484047994
pratham_8,1350236575
param._.3,641243394
rishabhmehta.mayo,3007643057
kunal_mod,1314621180
kshitij_nair,1292441944
mahikajhota,1627377449
nur_maddiehah,295645225
altabiceps,1529208631
