charlotte.giff,23
inoslaxman,17
polbondarenko,23
liana.koleva,22
lucascamillo1999,4
lisanguyen_1023,11
sumupitchayan,17
xxshou,19
t_ursachi,25
rajyashri_reddy,9
isa.belleza,17
mcgovern.sarah,18
izziegeez,6
jenny.rosauer,22
gkini_,15
imsavannahlewis,22
hasheeba,11
carrie426426,3
gene_uh,23
daphne.lichen,15
elliott_cleven,20
deepattt,14
shohamshoham,5
reet_agrawal16,7
yuri.oh,21
viktor_ladics,7
na_ju_le,9
caitlinpintavorn,5
julliasimmons,11
mrogers355,23
linlinleebrown,11
tessantow,25
wjurayj,3
sophie.ashbrook,6
samplezia,10
rachana_chau,6
carrie.zy,15
graciebellenguyen,13
kjp017,11
malavikaar23,2
ashwinder21,11
rainbroo,4
max.always,10
akshatmantri,2
nikhita.kasana,14
davis_bak,11
899mel,15
amuoy.youma,7
teddykhan14,14
dhvanil.popat,7
julestetreault23,15
keers.10,17
wolfspirit704,11
jack_gersten,13
a.ll.iee,17
louiskfisher,3
harshita.ag,1
niharikajhingan,5
megharamanaan,9
cherilyyn,1
sargam_,20
octoberrr29,18
allieeejohnsonnn,6
madimazzorana,8
ishaanikhatri,13
cassietp,6
kaitijane,3
easlisahin,6
simitayjay,21
the_neener25,14
avalos_denisse,23
major_gus,14
oliviashii,19
ry__guy_,2
meg.n.cheese5199,10
lu_mattos,10
ceyhunfirat,14
bigeasy_9,11
shreydsouza,6
giulia_brezovar,6
tiff129,22
allischaum,8
o.wilson,11
solhwangbo,20
rafael_lippert,11
chayanne.petit,14
biancaalexxis,2
gusvannewkirk,1
ehlaynaa,7
alana.dawson,25
rebecca.xun,11
jae_ohhh,22
ely_sium7,1
sonny.mo,11
ved.narayan,4
shubham_makharia,12
ramyaslak,6
shriyaaa21,10
lsimjenny123,21
carloseperez99,11
divvvv23,15
meeechellyy,23
viviandong13,1
_camjamz,9
mt.rushmi,12
olympe.alienor,11
eric__ingram,9
karynaatha,8
3sther_.mm,11
kathylopeez,13
jessicah_oa,7
mishzhu,17
katrina_117,12
ashcashlayy,9
adrianbebenek,4
rsrivastava98,7
vickyphan1,19
jaimie_ryou,20
wulf37,13
fabmeyerg,6
anhlisegilbert,19
gaabrielatenorio,14
bmundy63,12
camilleon22,2
eric5799,3
nataliefredman,6
matthewding1,9
tonaayyy_285,6
g.kubai,5
younglee0909,21
kaii_._,9
alyssarust,15
dylan.p.clark,2
aleahprobs,24
purpleabbie1104,11
theoswims16,11
emmarose_dk,7
seenfeen,12
joy__zheng,6
basilisaaa,10
cameronyip7,7
s_kanekar,1
jessychtilianova,21
_katenelsonn_,2
sonafokum,17
carinav12,6
skardadi,21
maeleeic,23
vanessafajita,6
carlynszcz,11
trillriq,6
amandahpls,18
isaac_nathoo,14
grace_kelly14,18
gabrielle_tank,4
thejustinchen,10
chowchowfornow,6
meghna.tu,13
tedbbb,1
ching__lam,13
ninaahuangg,3
lindyhong,22
jackbthatsme,14
mrdcaba,1
jcoolzz,16
camberlymoriconi,10
laurenetzkorn,22
traveling_phungus,10
shaun.bhurgri,24
katie.mcc,18
_jasoncarroll,5
janemilym,8
sweta345,25
abhaygupta2310,5
kj_boyce98,13
lynn.hlaing,7
nicksimone22,5
toranseth,10
machu.muci,4
joelledong,3
isa.mija,3
ericalj8,21
prach.patil,15
wowwhatami,17
mollyliu_,5
ravs_ravioli,24
jjess.i.guess,16
xiaoyu.huang_,18
minjicindykoh,3
hey_its_beth_here,3
cameronkeegan,3
ashley051092,6
mari.angie,7
carmenhorn,13
muvatyler,7
c_brown99,5
lex.murry,15
tmike5623,7
isaac_hiltonvano,18
m_park98,22
hnguyen6799,23
tinatannest,12
anoopgurram,20
joshswanlee,1
marisarpoc,21
cassandrakuissi,14
k.sanguine,13
gaiia.marie,6
canadian_william,12
hanbnguyen,14
sophiekushh,9
phillipmar50,5
dsam99,8
neilsehgal99,5
muhammedamoush,21
glorworm,16
sanleoh,16
biggmike1998,9
sydneyy_cummings,2
amalia.isabel3,4
_rightupyouralley,12
sabriniiieee,8
violet.konopka,25
rahuljayaram24,1
evakitlen,22
jacknelsonnn,1
graceladd,5
catherine_kimmel,11
zz.uhal,11
sophiekhomtchenko,2
joshuamarinelli,15
aadrianarodriguezz,13
kvwina,11
rishimodi398,18
emit6,14
danielshinyshins,11
camila.pavon,8
princesa_margarita,11
tucker__barnes,1
hannahsxton,7
clparent121,10
jackandrews644,10
elliott_lehrer,2
orlymansbach,3
kmoy525,1
jennyheo.o,9
sabrinachen123,10
kamimuk,19
a.yu2,18
nari_nao,5
mariel_jacksonx,9
marin.furuyama,12
osnapitzjezi,24
momohimaa,2
fishiefish,6
kbobrien127,5
daniellaviviana,3
souzarachell,1
cairs_ree,20
elizak598,15
shayna_begonia,8
jaydeeham,11
jadaaaay,21
victoriaxx__,9
_sarasulli,9
amandahinh,16
eric.steacy,22
dylanmdavis,4
siddhi_nadkarniii,20
ha22ahlee,2
tiffanyyuinm,4
madelinegriswold,14
lourobert16,1
sophie_mccomb,13
audmkim,6
cateryan13,7
feliciarenelus,9
morganclausen_,10
beastr0ff,4
elinor.martinez,1
julialouisej,19
crhistoph_cons7,18
sarah_calame,22
nikkimcola,1
lizkahn_,6
v_eye_shhh,12
l.liu,19
rekharichardson,2
rach.wang,19
maria212212,25
gtrevi_,13
rheaamin7,8
sophia_y15,10
emma_weiss1,8
kfriis33,4
thehobo7,17
eveadami,15
pranavu102,24
mgarc508,19
brendancaver,10
alec_sanders,8
gregfernandes._,3
kmedicine,3
joshwilliams98,12
s_bawabe_42,1
anamalfs,2
scnya.b,2
lexinelson17,14
laurenwil_,10
ariannemotte,11
a_green99,9
jenny.pham1499,21
elliekoschik,1
lynna_ngo,6
brittlynnn,8
rissamindi,21
joyjoyzhao,20
nina.myers,7
__pppaguerrero,13
eliseryan109,8
shivani.seng,3
a_kells,22
gabby_asunshine,4
eliza_applevolley,11
_karinawang_,9
griff.kupsaw,7
naka.rika,17
shivali.k.shukla,20
kyrawho,21
rhatless98,3
shreyaaa_d,14
tamara.er,4
mia_santomauro,5
cam.r.n,10
lauradayton,3
reeeemmmy,22
dhruvkharbanda,19
mariko_alaina,11
feinberrgg,14
faith.yesudas,11
chairman__hao,25
hannah.grauer,10
priyatrivedii,10
patrick_pyn,5
mkamineni,10
twinner_two,3
jameswang9566,12
tenedor__kutsara,21
miriam_franks,19
sibilmulayani,18
arthur_ortiz8,15
babypotatosauraus,16
shivani.p.sharma,20
nicole.tart,15
briella_h_photo,8
ghuang16,16
redr.oses,23
kitkodama,21
k.obrien14,20
_ashrithak_,18
praneshr_,8
iheartsbatman,12
iz.hend,10
moondiann,18
a_maniac_hand,10
themightykobold,12
sameeeta_22,9
bsreenivas0713,12
advai.podduturi,21
wasan_kumar,16
madisonfrye,18
charredforlife,11
corona.tsai,15
jaykayjenny,10
lilzhe,13
johnvalin,23
mizdaillest14,3
llizakuzminaa,8
disturbance_of_reality_,12
ermaporter,2
bachymathew,17
thananun9,5
chingoo_eric_,11
key.nyc,5
ne_syren,9
alex_gonsalves12,16
dawn.arianna,22
asianace16,23
aimee_nicole__,5
kdu_20,7
tanzinatanny,3
that.andriy,10
sivam_1512,3
pey.sha,5
raffaelemoore,7
hschaddha13,15
jasmine.bacchus,11
notmarkrogers,13
jinettey,13
kaitlynschmieds,9
d.bloom11,3
sarahefife,12
hannele.hellerstedt,11
evchavez99,15
istvan_kovach1296,3
jadorue,9
sarah_chooo,2
__lauren__smith,6
malika.ramani,10
mychael98,15
sarah.eaton731,21
rileyehughes,9
mikaela_renee16,6
alexandershomer,3
harsh__singh,15
itsqt,14
molly.pear,3
trishathacker,3
mikey_abela,7
tanma.yeet,10
a_elbenni,8
bleapster,11
yoanna_ivanova,2
victoria__caruso,3
dianngeorge,6
anna__francesca,8
harshideg,8
n0ahsims,1
_pkumar1_,7
graceryan99,11
camilarice,4
katieelizabeth58,18
ingrid_hirt,2
rshxng,7
ali_lin8,9
anisha.gubba,18
peter_huson,2
farris.wheel,19
iragi_nkera,9
madisonfdong,8
garretkern,4
timkeeley2,8
namsaiseth,6
lilian_tianyu,4
vivi_1800,24
rongzhen_zhou,16
seyi.christine,17
khalizzy_,11
gucci.flawless,12
chris_wiggins_,3
twray28,5
marysolhfernandez,2
nathanielostrer,3
mrlsnz,12
abby.goldfarb,4
alecmolve,11
poojaaa17,9
smo.28,19
iiestiebestieii,5
jamiedsolomon,1
ratna0219,11
a_jagzz,1
sarbuch,10
grace.banfield,1
sohum_gupta,5
amateurveganonabudget,1
omgaylen,5
_andrewye,6
swelly_elly,7
akash.palani,10
nikhil_odeon,22
lazareanulucia,14
a_tyszka,5
joannaylee,1
chitransh_0610,4
spencer.trevizo,8
alexisgiff,24
menarehoestoo,12
chinyerebear,4
gyang17,15
malik.roberson,18
rosmund11,3
doublem47,11
watermelonsourpatch24,2
heresjonnyyy,2
yeewonnnn,3
leotamez11,10
mounisha_kovour,7
flowermariel,6
aakash_setty,16
cintiaaraujo_,2
paolavxx,4
jello.smiddy,2
thenotoriousj.a.c.o.b.s,10
aamore12,4
silasmonje24,3
jennypuhjun,6
ben_gershuny,1
shaylarady,10
joliearen,1
calorinensis,9
dianaaaa_cruz,9
realmohamedali,17
okhellohey,11
1im_rachel,5
sai_kurapati,12
heena_06,3
gabcar10,14
rahulmani4,5
carlangevin,3
omayeda,9
ray.j12,4
aryakadakiaa,9
littolbrowngirl,13
greta_welch,12
sparkkk__,8
nallelyx,7
thechocoluver445,13
norbe707,9
mermel7,1
celia_hack,4
jaysun04_17,13
clairelinn,1
_nityaaa_,6
phillupmahcup,2
nids.bhaskar,8
jae13_,18
__astha__,9
yingsanity,2
sofaroad,5
mollieredman,6
sage.quick,3
della4795,1
rinniehewlett,6
thelolliepop,3
ivyberns,10
cynthialu_,7
clare.grossman,2
noelle.cc,16
veroespaillat,5
its.abbyp,5
akap820,3
mckenna.dale,5
mamii.shyyy,9
charles_kimble18,4
cbar16,9
rakhi_kundra,6
arc__noid,1
angithabright,9
clintt_eastwood,2
meghanidc,2
thedizonmustard,4
senorabarcelona,12
hawaiihunter,3
mayer.victoria,2
palakxo,15
nabrash,3
k8_callahan,2
angle_rod,8
saanyaa_,1
bryzhang,7
khunter102,6
on_the_brink5,3
hella.harold,12
a_sharma629,1
marielmagdits,8
litian.yang,10
cnnr.brwn,2
jess_ojeda_,6
danielhu326,9
mhofert,13
jackriccardo62,6
the.captain.ethan,4
dashaun_simon3,1
p_sharma0118,17
sandra1dragan,16
mostafa.19m,3
mandanaamvx,1
egreen222,5
ryan_putman42,6
childish.albino,8
_grayse_,19
subtleglances,13
adamalp,3
camillahomans,7
maryydong,8
rujulsingh,1
ilaname,3
nate_goodman,3
trevor.houchens,3
michaeloh2332,5
bgupta24,6
alkimkara,12
margauxak8,7
fhillll,7
shmargo,1
annelise_ernst,6
mariannascottt,4
_kristapleford_,13
keiks49,11
jxkokoko,1
eric.errampalli,3
cindyloulou48,4
fredpoddig,7
babyciger,3
uglybelleza,3
hanalei_a11,8
nelsonheee,1
bash.z,10
laura_lehmann_,1
n.lindseth,1
collleenoconnor,12
charliefaberii,7
_crenae_,9
t.j.brooks,2
olivia.spaulding,3
ispin23,5
sooms124,7
pkdeegan25,9
macroni517,4
yongupaku,3
instacaiya,3
s.mart.inez,5
jfeord17,6
ayanagarwal_,1
anncatz1,5
ise107,10
divyamaniar,1
ameliaohalloran_,3
ellie.rose15,6
lydiadef,9
duke.d,4
zacharymor,1
zsebek,1
pablo.akira,2
sneha_311,10
jaxnussbaum,2
edengorevoy,3
alyssadegruccio,4
em.nguyen,4
_amyxie_,6
emanvr,3
goodguyarj,3
marion.sellier,3
kanikal92,10
itsarissa,3
mikki.raj,11
stefanyl33,6
tomilayomadarikan,1
_camillionairee_,11
the_shunned_prince,1
es.stultus,3
kosmic_kisses,1
amandalagunaa,9
nbcryptid,5
shayayron,7
mxkeigh,3
livsimms,3
mayzgao,3
allison.bai,1
amzarvladi,2
vladu12433,3
dylanngo_,1
dhruvhasaninsta,10
tayonceholland,12
nick.damen,8
pixiestick23,11
fictionheart,6
vane_ora,4
amy_sofia,2
jordan.k.a,3
mollylavin,3
anniejacob_,3
emilyhawker,1
amyli127,2
e1izah,3
bj_ubani01,2
robbie.felton,2
aanyaparikh23,2
katebennett75,1
realryanrose,2
athiwat_boss,3
photosby.alanna,9
_jon.lee,1
yseeny,2
matthewdurek,8
erinsimshauser,3
izzakamiyaaaa,1
chiefsbobcat,9
bbfire2,8
isatbz,8
liamfinnigan01,2
shubhi_88,3
lenoir.crews,2
chalk_42,4
jay.jeong133,10
neilwary,6
moyin_ade,8
evanp620,4
sheril_va,1
nate_lee_33,13
jwillnorton,1
m1ck1nney,7
camdenbaer,2
nik_madugula,6
pusheenie00,3
cynthia.ngg,14
laikwhy,2
floatingmocha,1
melisgokalpp,6
samer.wahood,7
mkaur23,5
jp.moise,1
cred0,1
elliotnegin,5
chumynutzz,1
miaadelcarmen,2
phoebe_elliot,2
stephpirman,2
aro.man,1
_emily_clark,2
rafaldinhoocho,3
reclisk,2
sarah.the.meme.queen,6
quynhh.trann,1
nicole_gehret,1
shevv__00,3
isabeljlee,5
mulletmountain6,3
lilyedgerton,2
priyarts,3
food_finessa,2
yazzy_jaie,2
paxton_greco,1
becca_gei,2
tydlwav,1
hello__cathy,14
hnnhfr,1
star_white21,2
tryza98,5
eringresalfi,1
reine.de.nuit,1
ethan28t,2
jraviv,2
rattyhax,1
maleryy,4
cathxli,3
phoebekennan,2
_gabrielleclark,2
jake.sokol,6
sarah_branse,3
kellyclark1414,1
luqmaanbokhary,1
maddy_adams_,1
jvrablic,2
vasilisconstantellis,3
jasmin.laurielle,1
talyawellisch,1
theperksofbeingawalnut,4
karmels2000,6
bu.therival.news,1
radeeshaj,4
amy.churchill13,2
calebhill_49,6
sriv_varun,7
youngschmidt,5
anchita_dasgupta,4
willhhayward,1
vvrigobon,1
_katie_gc,1
slumdog_phillionaire3,2
kaylashouston,4
annabellehutch,1
avupps,4
taylor_seaman_,1
brianadas,10
goddamnpoetsss,1
_awilm,1
aagarwal_601_,2
aphaneuf14,2
marisa_agarwal,4
jake___k,5
k2hs34,1
amanda_mick,1
_kari_17,3
madi_cranford,1
mhsthompson,1
kat.212,3
hawaiian_blood15,2
dekahan,3
jbthegr81,6
dana.lannen,1
thesarahyouknow,1
ethans476,1
delia_murphy,1
_adam_stein,1
emmaq459,1
emma_rook,1
emily_rust,4
morgan_miller430,1
abby.siegel,1
ameet_som,3
_clairewang,2
laurawilsonsinsta,1
tim_pawne,3
ryanbain1999,1
bella_cavicchi,5
tink.ler,3
dantefdemarchi,1
_andrewmartinez__,9
dylanletellier13,1
whitneywalela,3
sagarnfriends,1
jaszmine_brianna,3
christypaik,2
nic.nov,2
feliciayc,4
rohoitj,2
kypizzle999,2
steven96tan,4
hopemarie0108,1
_pepe_omar_,6
sinampudi,2
avnikataria,3
its_sushiiii,3
kaitlyn_cook_,6
nicoletsungg,7
ljmart1994,6
torridblock,2
druehaskins,2
that.andriy.photo,4
jarreddaul,2
rissa_dorn_,1
siobhanfayy,1
joeyurban7,1
k_atyvetter,1
alilovell417,4
yoyashi,2
theninjalizz,3
halle.bryant,1
tilleck_,6
geltax,1
nina.denne,1
katherinesu25,3
jxrshi,4
dariusdaies,4
biancaailie,3
aj_federici,2
biegl.zsozso,2
elvira_fleury,1
kt.kwan,1
lucyreyess_,1
joesciales,1
claragreider,2
kimmm242,1
chicken2ride_,1
abatty36,4
giezelle.c,1
jgoldtreasures,1
atmosphearx,3
the_t_chang,2
allidynia,1
other_world_lax,3
audenelliott,1
_calvinzhu,1
vaidehi2399,2
kuderic,2
mad_griz,1
ashugupt2,3
devik.a,1
katrinabroman,3
hdawson1998,1
hannazwerver,1
oscarespiricueta,1
mo_rningstar,1
whereslynny,1
miranda.panda97,1
ethanheidrich,2
vadini_98,3
griffinbeels,1
gabriellemoriconi,1
celinien,1
ayrah.onesix,2
elizabethrolfes,1
shylenepaleka,1
noelle.douglass,1
_ssshhhyyy_,2
_natasha.danielle_,3
jolin_27,1
pencilsformypain,1
notspelledmaddie,1
lucasreckman,2
taidotpng,2
alohabeautybabe,1
williamchi2000,2
tanzania_13_,1
kiertoe,1
207petrichor,1
gissel_salas,2
imyint,1
mich.nick,1
johnathan.guo,1
jjo_photo,1
brown0996,1
williamrosejr_,1
vany7268,1
