alexisgiff,48
rajyashri_reddy,44
gabby_asunshine,31
paparazzo1027,10
alia_chittoria,13
sam.ro.chelle,5
chitransh_0610,35
nandinikumawat,37
rainbroo,47
joelledong,13
jennypuhjun,9
daphne.lichen,47
m0hammedshawa,41
joshkkkkk,7
littolbrowngirl,45
kriti_kothari,29
joeyreindl,10
jaydeep.jn_17,44
__sid_jain__,40
stephaniegarci.a,8
caitlinpintavorn,18
ceyhunfirat,18
hanbnguyen,8
ashwinder21,8
anhlisegilbert,40
chrissy24700,37
sumupitchayan,30
dylan.p.clark,12
dsam99,31
theknair,27
nehal.beniwal,32
prasooooon,45
seenfeen,29
kmedicine,42
jj.sistagram,3
hardik.0998,46
merawhitegirlaccount,18
molly.pear,43
elizak598,37
simitayjay,43
abhin.joshi,18
audmkim,4
mariel_luisa,3
aileenchowdhury,22
hasheeba,34
harshrajmehta,20
shreyaaa_d,42
jacknelsonnn,3
shivammandawat,49
ameliaohalloran_,3
blobgal,11
bhavikakhamesra,37
whackett,17
taylor_seaman_,3
karthik_pitchayan,29
stationdl,16
calista.shang,4
carolinalacs,20
scnya.b,22
bigeasy_9,30
golu_mahek,17
evakitlen,49
captain.anurag,40
kyrawho,50
_shivanshi10_,4
samplezia,16
amandahpls,48
avishabapna,46
cenitalchile,1
riddhi_jain18,33
meghna.tu,11
jaxnussbaum,6
xiaoyu.huang_,29
mikejohari007,34
kyle._qian,22
colleen_cronin,21
amoghshashank,40
899mel,30
alliefilan,46
muhammedamoush,35
tinatannest,50
jennyheo.o,6
siddhi_nadkarniii,41
elinor.martinez,18
clairekimnarita,27
nina.myers,2
_grayse_,42
yugvirparhar,46
sankul_agarwal,50
jenny.pham1499,31
neilsehgal99,21
cynthia.ngg,43
veeralkothari,32
garvit_mathur,2
disappointment.koala,19
dipankarsambyal,24
d.chae,3
meligafie,44
jiyachordia,37
khushveer_rajawat,46
ishaan_ag,9
hf.lom,1
58_magazine,1
siyona_05,38
sakshamrathore_,3
_99_dreamer,42
backpackshopper,1
aroramuskaan31,26
dapper_ali,1
clementouvrardphoto,1
st8m3nts,2
_umair.ar,2
sebisauvignon,2
iamshivam8,32
rahulverma3126,31
ashishthakur52,1
yathaarth.x,4
vasilisconstantellis,36
marcus_hjelm_adventures,1
mat_damn,1
rishabh911s,47
lex.murry,14
alex.pocha,1
the.untethered.soul,22
zackrissonmedia,3
shravgoyal,25
tanishasharma__,46
giuliabttn,1
vicramoncito,8
bharat_chugh,50
eric.steacy,50
tanishq25,40
barber_shop_talentos,3
_tanishka14,45
manvibolia,38
_nuraj_aya.17,32
josetgosorio,6
aditi_soni7641,46
harsh2gandhi,39
ayate0,1
25yashjain,34
shift.your.focus,1
mah4lovsky_photographer,1
mahatma.juan.deag,43
ahan_bakshi,6
lsimjenny123,46
sarahfunky,1
charlotte.giff,22
tylermanessphoto,1
gunjannagori,7
eden_and_jace,1
jordiclic,1
umlugarpraviver,1
rino.rb,27
himadri4,15
shan_n_miller,2
hostel_niniroom,1
jaanneetteee,2
iamrajan7,38
lucascamillo1999,7
ayaan_k_h_a_n,31
madisonfrye,37
izziegeez,19
mithil_suyal,36
vane_ora,2
polbondarenko,26
mishzhu,6
khalizzy_,29
insta_elaphotography,2
rizkybusinesssss,34
ely_sium7,41
tilleck_,29
dhruvkharbanda,41
amonkwhomight,16
maum_photograph,6
s_kanekar,11
rafael_lippert,9
catrionabell,10
sabrinachen123,33
niharikajhingan,22
celinien,7
qaan99,5
ishaanikhatri,3
kdu_20,8
ved.narayan,22
neil_indiana,23
siddhant.swain_11,14
choco.churro,39
purpleabbie1104,22
imsavannahlewis,48
count_turtle,6
kimber_brain,5
sabrinazbajwa,46
cnapolitano11,9
beastr0ff,15
smpl.vlad,1
rach.wang,45
prakhar7m,12
sarbuch,10
simplymrinaal,21
emit6,26
_william_c,14
saramontoyaarango,13
aanyaparikh23,6
dawntvisuals,1
marial7,1
keagan_tobey,1
nawfel_bc,1
toyafoto,8
walkingtheembers,30
sagarsoni1212,21
anantgandhi,24
zelia_be,1
bahman_mohamadi_berenj_abad,10
dr.divyasingh1999,28
oppa_flower,4
gnome_hat,1
anietabreathe,1
edissehere,2
elguccipapi,2
fredericktaouil,2
jain_tp143,3
hussainsaloda,41
kavisha_131198,21
ooskate,1
mr_sunday_everyday,1
tommie.nguyen.5070,1
facts_and_fallacies,1
ely.galvao,1
josie_ramirez1,1
kenji_matsuda_naragundan,1
sk23w,16
khushaljoshi____7773,27
daliabohnphotography,1
harsh_030720,15
rajak_digvijay,10
mr_desai23,1
idkneptune,1
aryan_stark,22
therealshannonthomas,1
credit_achievement_,1
_jp_peterson_,1
camneleon,1
fahnbullehboima,1
nischay_sagar,3
lajoyadimaria,7
_ak_photography56625,1
angelina_babeeva_photo,1
_paradox_17,3
dheeraj_ahuja_87,28
mayzgao,11
gkini_,32
cherilyyn,20
reet_agrawal16,17
lisanguyen_1023,25
calorinensis,20
rsrivastava98,24
sonny.mo,19
mariannascottt,6
nhu.phung2703,9
k.sanguine,41
fucough._,18
lisan.fit,1
easlisahin,5
alexalverson,1
yeonjun_kim,1
jessicah_oa,5
amandalagunaa,9
amuoy.youma,12
athiwat_boss,8
gaiia.marie,33
thananun9,14
litian.yang,7
amyli127,5
khunter102,13
abby.siegel,1
kanakvi22,18
julestetreault23,37
gabcar10,9
raj_jaiswal,15
mrdcaba,1
jackriccardo62,5
isaac_hiltonvano,20
amanganna,21
nari_nao,11
rekharichardson,3
ary_096,13
agarwal_tanshi,12
its.abbyp,28
wordsforvoice,1
roshan_toskar,2
susan_herman_photo,8
lightandpost,1
trevorsehrer,1
thejustinchen,17
jsrajveer679,1
rathavaprince,1
attired_with_hh,1
antithetical_no,1
travelandoo,2
mathurhirak,21
shaurya_superstar,3
photocrops,1
artbyzahra_,1
muj.ta.ba,1
torque.jenna,3
proveen_sarkar,1
guiwendt85,2
amar_singh192,8
fatal.attraction,1
therockyd,1
_.p.h.o.__.t.o.s._,1
cateryan13,15
photoby_172,1
caelinsutchphotography,1
oryza.n.shine,1
kevinlove928,1
life.of.yuki,1
anahi_mongelo,2
kerketta.kalyan,2
richlondoncreative,1
its_ur_vijay_,1
gpv167592ivn,1
ivangouth,4
hilarylali,1
indiesailor,1
andrea_di_pinto,1
quintincajuste,13
raquel_alvarez20,4
namanarya1999,14
snappy_b_photography,1
plyshkins,1
mehulchawla09,10
maelle.lecorre,1
emmleroy,3
nes.xs,1
elpatronvonrosenberg,1
farhad43nabavi,3
piggy0623,1
dixonplace,1
stacy.so.not.greene,8
chotamodi108,1
bokeh_bliss_shop,2
thegloriousgrape,1
yeewonnnn,1
isa.belleza,27
gunjanjadiya,19
sanjam_98,15
lu_mattos,16
intoxicating_ruin,15
heidianneerwin,20
deepali_galundia,17
carlynszcz,10
omayeda,4
kjp017,31
hrose_thomas,29
chenneillll,22
lilian_tianyu,7
trillriq,17
griff.kupsaw,8
cintiaaraujo_,2
olympe.alienor,10
jihan_jerry_chen,10
pratham_kumawat,12
jennahniewon,1
sheetaljohari,26
shreydsouza,13
_adam_stein,1
splen_div,23
major_gus,24
namsaiseth,9
wolfspirit704,19
ne_syren,19
iwannabeadylionaire,3
alyssarust,3
slumdog_phillionaire3,1
b.aa.ni,25
jain_vibhanshi,8
jaydeeham,27
dunksmill,10
vineetbaya,8
i_am_puven,7
taaaaaaphoto,2
suhawanijain,17
wordofthenerd,1
ashishdeshpande19298,1
king_ofdajungle,9
chitranshpurohit_,19
b_h_a_v_s_a_r_v_i_n_a_y_1_4_3_,5
inetsky_,3
h.a.art,1
_ishani__,19
two_guys_fishing,1
_fortagram,2
mr.suraj_thete,2
thisisvibekat,1
bianca_27_03,11
omar.calderone,1
onega5719,3
ru_the_,3
zanzibar_officialguide,3
santusowy,2
findingjony,2
realvinaymosun4,12
onlinestoreforp,1
invadeee,1
mr_blogger_sg,1
anil_kismet,7
titabofa,1
yash1095_,14
yassir.badaoui,8
i_heet,16
abhi_ruparelia,3
jaylaniesadler123,1
avijitjani,10
gunners_majaw_mewan_,10
ninaschirmer,5
ale_younghallow,3
_the__z.e.r.o,3
mannyskyblue,1
abdolsky,10
rishiography,2
abhishek___kumar,6
nitesh_tak_fitness_and_bikes,4
e1izah,1
gucci.flawless,11
harshita.ag,3
alkimkara,7
sparkkk__,9
lydiadef,7
swayambhargava,4
tambuntingj,8
leotamez11,11
pkdeegan25,9
_camillionairee_,7
clairvoyxntphotos,3
rose_lang_maso,11
kushagramehtaa,7
adventureactivitiesusa,1
pelayoarbues,1
emilygualdoniphoto,1
bhagyashree.7,5
jossybtk,1
muhsin7majeed,1
tmdsouza,6
shubhibhatla106,12
__mevzuderin__,1
simonwinnall,1
petsventura,1
drlima2991,5
silviu_sk,1
_peterlimbu,2
nora_the_newdle,1
geesurewould,1
annajellllly,3
seanreynolds68,1
_dobero,2
yuuivision,1
nico_pelenur,2
lorelaipierce,6
lajota.arq,1
pickpackgo_app,2
diegomaofotografo,1
goddess_approves,1
kiki_photo_berlin,1
ramyromany,2
regulle,2
starkfit.de,1
bloomingshutter,1
nathanyorkphotography,1
_.somer._.cooper._,8
mukul_chaudhary_008,1
uzanismaill,1
paulsphotosofstuff,1
lars_e._photographie,3
m_shubhu_15,15
nikkimcola,2
gitgudscrub25,2
thehobo7,18
ry__guy_,9
rujulsingh,7
lizkahn_,4
cnnr.brwn,4
jasonwhang,7
prhaimerib,4
dhruvhasaninsta,22
treehuggingprotagonist,25
mmaria.cristina,4
b.ryxe,2
abstractche,1
deepakmehta2536,2
tb.sn,2
akshatmantri,19
miguelrevelles,2
lavish_kavdia,6
richasethii,3
kulture_otaku,1
j4kdancewear,1
olivierarrighi,6
alyssadegruccio,10
sunaina304,7
thechiragpatidar,4
sadmtn,1
fealvezs,3
vidit2065,6
photographer_x,1
blaow_official,2
doriandre,2
art.sketchbook1,1
xltasting,1
arunima_xo_,10
antoniomarascophotography,5
gyanvidugar,1
kushagraasingh,15
shawn.rul,5
robertoscasso,4
keiks49,3
skittyy1,9
anchita_dasgupta,9
lucychen98,9
maryydong,12
parnika_kumat09,8
chrononic,1
paulomuzel,1
andys_photography_seite,1
timo.nik,1
yadira.med,1
liii.saaaa,1
garybarnettetc,2
dineshkhuntwal,1
miss.stacylee.profitnessmodel,1
capturedbyje,1
l.soulard,2
aperture.lyfe,1
vishwasdhabhai,3
kitchen_obsession,2
darinaegstad,1
zac_filters,1
oceanicofficial,2
carlosortiga,1
macedomath,1
blackstarorlando,3
flexifoilkites,1
0198_lalit_rehlot,3
lafouine01,1
cptfutureberlin,1
thebackpackersguidetosuccess,1
mrdjaycreations,1
everoccasions,1
maryshootspeople,1
azuraphotography,1
flyawaymusicandmediastudio,1
iibaee,1
oceandazeeleuthera,1
sonusahu8159,2
brix_productions,1
callmeihor,1
vaishnewaskar,1
symbolic_seven,1
cynthiacao1,1
cecex18,3
vaidehy06,4
joshua_rana,4
jadorue,1
yongupaku,7
iyengar94,7
kinjaljoshi_,13
ebhlkj,4
christophkulmer,3
stefanyl33,3
cameronyip7,2
raika_hoda,7
thisiscatcollins,1
nordau_br,2
gruppocaesars,2
teodor.pg_,1
streetsixtysix,2
hidetaso22,1
projectleeon,2
csabinessphotography,2
sudanim._,2
cane_corco_djan,1
pinstripemag,2
allenyoho,1
discounttacticalshop,1
kevinhiller,1
esejpn,2
retrolamborghini,2
yulee90,1
theexecutiveexplorer,1
jordanstanford,1
genzconcept,1
aaronmbarnett,2
torreypiatt,1
socialking_ds,1
christianchavez.ph,2
samir.visuals,3
ramprasad_kumawat,2
juneagram,1
dianarbos,1
basilemrc,4
blomme.lier,1
jarvis_kjelberg,1
fuentes.javiera,1
itlooksvintage,2
lamelodiadel,1
darren.jcampbell,1
ssin_life,19
ig_surge,1
major_stef,3
inefablebe,1
record.play.rewind,1
borah6246,1
cmvisualz,1
dylan_dlhm,1
chillbedogclothes,2
perfect_ayush,1
wgstudioslabel,2
undieship,3
seunghee_lee77,1
jonathansozi,1
marcel0cel0cel0,2
_hate_me_idc_,1
emilyjanede,1
rrr.112231,4
frankbalzan,1
melissage7,1
erratic0,1
thirstyagency,1
bubbles.n.fizz,2
avihay2803,1
saltzakzak,4
xxshou,1
jay.jeong133,1
kushagrapartani,4
babyciger,6
d.bloom11,4
v_eye_shhh,19
jcstyling,1
i_ayeh,3
treythomas11,1
melimphoto,5
thenormanizer,1
stephcsnaps,1
alessandro__zanon,1
darsabrahotel,1
eduardo81sena,3
davidevies,1
erikadelgadophoto,1
ellieaesthete,1
cascadiancaptures,4
jakes_photographi,1
bang_maruf,1
1amtopu,1
muchpetter,1
affinityjpix_photographer,1
nadiakaufhold,1
s_o_y_ana,1
kristinasezaphotography,1
hypelez,1
travelbugraphy,2
a_smith.la,1
light_loschi,1
verabozicdecorations,1
gianinaskarlett,3
thefaxstories,1
marcinpietrzakphotography,1
the_love_hunters,1
__tinashe.siame__,1
teathe1st,1
djasael_oficial,2
phil_sledge,1
baliandbambi,1
artcore_dk,1
lic_levi,2
elliottrawson,3
seualbum,1
wineki,1
v.trehan_,1
instant.followback_ins.box,1
rouvenbergerphoto,1
thetashobrothers,1
1joseef_,2
joaohuios,3
hatzopoulosdbk,11
qutaineh_nabil,1
israelcabiellesgomez,1
jennvanelkphoto,1
leylaah_carvalho,1
shaurya_dalal99,15
instacaiya,1
ylpic,1
annelise_ernst,2
foodwithchopstix,1
superworldnature,1
wikid_a.t,1
hiimtry,1
littleknowntraveler,2
mikesonsallaart,1
freevbucks36,1
uroojtravels,2
diogo_luciio,1
crystal_lashes_by_nikolett_n,4
lilicabas,1
hectorgarciasworld,1
timeligtht,2
nikola_markovic1122,1
letgo,1
sevanevani,1
shubhams28,22
steven.de.vos,1
mr.aman_taneja,1
avamotbabystore,2
planet_of_sound_promotions_li,4
arshitajohari,18
melahleahh,1
theresaknightphotography,1
kristine.gailisa,1
jaspering,1
aristormtl,2
somethinglikekites,1
fbnreinders,1
dylan_the_architect,2
alexisjesusjusto,2
buena.estrella,1
strapsandbracelets,1
cooper1643,1
arc__noid,4
ali_lin8,10
emilyredolfitezzat,7
zaid._.qureshi,3
food_finessa,4
slutsandgutscom,1
travelsforchocolate,1
krissyzphotography,1
rentals_creativenyc,1
maiuri_chiara,1
mahonfalls70_holisticwellbeing,3
odehrishmawi,3
best_of_the_wilsons,1
setupwarriors,1
befine.cali,1
rebeckerz,2
monicasilvaofficial,1
upclosechi,1
amznprm.67,2
matheusmxy,4
rebekahradice,1
___lvrm,1
omgmikelam,1
amyshawmusic,1
ibeprojekt,1
iammeedia,1
muayuelu,1
sarahvaughnperry,2
sergiolkrul,1
tc.trip,1
grossitsdaniell,3
gdoamara,1
iamsouphamster,2
b_zen_in_inst,1
moremidia,2
esmes.photography,1
rudenasty,3
colour_blind_photographer,1
dance__k.c,1
samedmondsguide,1
_rkk_ali,1
federicoluciani_ph,1
featured.destinations,1
brantsinator,6
hiddenelixir,1
trueqsonline,1
baberod,1
1im_rachel,13
sam_e_cohen,3
kris10.l,8
lilidominguez,2
vagarth_bhatt,1
joe_cloudy,1
theartofbeats,1
valdo_lopez,3
rafaepark,1
jamaloop,3
swellcamera,1
shreddedrealitees,1
pitra,1
baandme,1
gsnreviews,1
sablewinters,1
tymannyy_vzglyad,9
thedavidkeller,4
_sinli,1
gabryel_ts,2
bertrandlanneau,1
dpm_originals,2
suzanealmeida1,2
365virtualsolutions,1
omlohar7946,1
popus_the_shibe,1
nataliefredman,9
md_nawal,1
brettkolomyjec,1
ms.damnnn,2
arounddogsandcats,2
ex_macelina,1
excel.soriano,2
levin.galvez,1
randomasperge,1
addendum_pl,2
akshattxx,26
laneyepierce,5
pop_mu_sevilla,1
beibiblu87,1
mirjanahandmadens,2
sicoquette,2
spoiled_rabbit_photography,5
freddies_shop,1
highstandardsagency,1
antje_ewald,1
globalluxuryhawaii,1
red.rope.social,2
fabulousmagnets,1
sarahnoelphoto,1
rioch.art,3
laniamartin,1
romylamothe,1
kenny_alchemist,1
myphotosmineyavuz__,1
andreidlazar,1
photojobsonline,2
newwavetv.official,1
denieuwekaartenmakers,1
exelaguilar,2
positive_zero_lounge,2
bikilikili,2
whatsonbcn,1
albertomastrogiacomo,4
hlmanyazid,1
_mermaidshark_,1
healthinomics,2
jwclandscapes,2
libkos,1
bevrijdingsfestival_apeldoorn,1
devil_____white,2
equipamientohotelero,3
sarah_mcparland,1
man_grooming,1
gesielleachi,1
nikz.v,1
duckin.donuts,1
kel24k,1
clinerience_official,1
corona_chris,1
brunorodrigues_rj,1
worldup.close,1
crypto.infos,1
wonderlandofaccessories,1
steveygrams,1
__yuzeeva__777,1
austinvirts,1
satoshi_sama,1
a_jagzz,4
tiffanyyuinm,6
victoria__caruso,5
photographybyaster,1
rodinflash,1
tickingcloak,2
that_blingstar,1
almalakibiounit,1
launchedathousandships,2
puertoricoprimeshot,1
snapfulphotography,1
photobyhelen,1
venexian,1
ecoxphotography,2
elliejfensomexx,10
lindsayandisaac,2
natemargolis,1
annickmbassi7027,1
chefjesseq,2
outoro.adven,1
crazykhmara,1
xfinityminds,1
miskidwie,2
izzylyew,2
kindlebookpromos,3
adidasx96,1
fragislo,1
gvbgear,1
folkwander,1
stxclassy,1
letskitty,1
rickysukhwal,5
shotunez,1
daguerart,3
michalluciak,1
travelanyways,1
farah_skander,2
retro.rach,1
yash.bollywood,3
heartt_4_sale,1
atl.cesar,1
inkfactorybg,1
nathanmersh,1
420keno,2
alxndree,1
jeanfrancois_migne,1
marcfosxer,3
danielmendozaofficial,1
uscongressnews,2
nkprod,3
charismatic828,10
gonkuvuhls,1
aidanrowleyparis,1
sheikh15nabeel,5
beautyursoul,1
warmjameson,2
wineryworld,1
peque_lifestyle,1
romykua,1
feminmed,1
annalie_coia,3
foxthecat_,1
mylostdejavu,1
yassin.marco,2
chaik_love,1
ibabulgaria,1
darmova,1
vitalymaksimchuk,1
makeawishgen,1
lesspet_,1
todebike.club,1
loveganica,1
roi_des_libellules,1
_shammiiii,7
jackgoras,3
andreevfashion,1
brazilian_birds,1
jasminesidibe,3
ig_hydm,3
jwandcodesign,1
theo_meta,1
moonlight10m,1
christosimson,2
monsieur_d_life,3
stellaretail,3
jlbuilders2217,1
yamandjams,1
ispo.life,1
sinnedhew,4
_freelight,2
roko.raguz,3
harshal_bhalerao_hb,1
camerawphotography,1
jsphotoshot,1
boldalbums,1
jbphotography_atx,1
iam_inanna,1
damonborrelliesq,2
ipas1989,1
estehelp,1
214zaysosa,2
l.mia.lia.l,1
leomaurie,3
kingbope23,1
shinigami101,11
adamalp,8
doosiaak,1
dario_e92,1
ll__nisarg__ll,1
annajoanwallace,2
ant0niogomes,2
elitemafiahtb,2
jadore.vanessa,2
aaronheaney_,1
sergibcn86,1
mederic.jfd,2
ese_dingo_909,1
jamaecalaviniamsantos,1
mickaelareis,1
avolvowagon,1
tara_sibel,1
ami_artistmanagementinc,2
photo_supply,1
angesiddhar,1
divino.perfumes,2
michalgal_,3
lepetitmoulin35,1
david.nyers,2
4x4xfever,1
adam.harmath,1
therealwildanimals,1
arixmusicprd,1
realjusttrumpythings,1
amine_reg_,1
darneezy.jpg,1
majkssss,3
nicolasgohmertphotography,1
professionalnumerology,1
caribeph,1
daniyelchio,1
e_ellelove,1
romanchenko.d,2
sarahmsb3004,2
th.zeus,1
abridebysamantha,2
jesus_babot,1
lhkbeats,1
my.photography.wrld,1
mehmetensan,1
pinaiuri,1
ugurhan,1
brownkiddd,1
nzkiwilander,1
marcolazzariniph,1
mymaternology,2
moey_hamide1,2
wancleybe,2
northwest_security,1
gemheads,1
annienguyen,2
_____g.le.b__,1
kolder_photographer,1
peterofgh,1
slc2213,1
4veschulze,1
eyelash.emma,2
forherwear,1
lord.collee,1
dmkvlchk,2
leoarcangeli_photo,1
thedaggersband,2
le_mas_des_quintrands_manosque,1
phharvie,2
tanyaaa1205,2
ivyberns,3
vrphoenix,3
matilde_mendes,2
myndful_hustle,1
mayegatendophotography,1
leskina.lena,1
barryoppong,1
miss_madame28,1
cgarciajerez,1
juliarynning,1
velykisart_magazine,2
swellsurvivor,1
simplyminimalist,1
emry_photography,1
timescrow,1
domingo_salmeron,1
jodiekrause.design,1
saqeenaakbar9565,1
6thphoto,1
dinterativa,1
sam_kphotography,1
dontkillmyvibe_22,3
mattrichpics,1
mystery13___,1
andresagurtomusic,1
cafirulo,1
supercaif,1
mason.firman,1
adrian.sturrock,4
sicknotepix,1
ionzk,1
ribbiexcx,3
joshtomsss,1
julianbqo.ph,1
couponsherpa,1
ballguide_at,1
lil.lanturn,1
hertonguesout,1
tattoo.ink.art,1
olstylefashion,1
toptendance.ch,1
veilphoto,2
dukemoose,1
cedmoi90,1
briannerezende,2
damien_merino,1
ljsilver1971,1
rubym55,5
_mohammed_shawa,1
laura_bivy_fierce,1
suresh6720,1
street_ninja_ph,1
stevocala,1
codinggustavo,1
fasothomas,1
photography_by_j4ckie,1
dominicloneragan,1
electroseed,1
photoleuback,1
weekendvoyager,1
jasonrohancheong,15
dont_b_greedy_scherer,4
bingechampion,7
nityahk,9
nelsonheee,5
carrie.zy,2
jp.moise,1
ishani.nagda,1
nicole_gehret,2
dhruvsrathore,1
saloni996_soni,5
maddy_adams_,2
greta_welch,5
himanimali30,1
_lvplug,1
rude.niegodziwe,2
heart_beat_beat_beat,1
ashok___k___salvi,1
fotomania.com.br,1
linklens_paris,1
slcfashionmag,1
boudoirgoddesses,1
monkeyfacetattoos,1
mridul_ab1718,10
mvtte.jpg,2
ragasirtahk,1
kevin_klaus_00,1
vapelikegeek,1
justinvisuals,4
toomuchgravity,1
mmetindemir,2
ivetapanova,2
theodor.official,2
kriegerstyle,1
munamu.store,1
aanyabhandari,1
photopic_co,2
upsticksandtravel,1
patel.krishan,1
forbetterorbikes,1
kdnum,1
broadcastingbrian,1
black_orchid_18,2
jonymartini,2
lyricalstoryteller,2
melisgokalpp,6
ericaroperburke,8
grand.fin,3
omlitt,2
_emmalopez_,2
toddanthonytylerphotography,1
amandinebuffin,1
meinepage24de,1
clubboltsatl,1
jhrzel66,1
tutorintinseltown,1
raffycasas,1
magical_garden_photo,1
areyouzany,1
benmcdade,1
prissybaby21,1
nature.caps,3
headshotbe,1
rasoul.ca,1
duc2or,3
leonardosamrani,1
coolvin1983,1
hardikparmar97,1
danhewa_,2
dewalkuldeep,6
dreamimagepixels,1
lou_through_the_lens,1
christopher_root4,1
_seven_shots_17,1
shabowhita,1
favorite_foreigner,1
kuat_ai,8
danjer23,3
agentrosehq,2
petra.bernstein,1
affiliatemarketingnewbie,1
pottershandsphotography,1
lashd.up,2
shibuyasoul,3
carlyon35mm,1
zaatifmomentpicture,1
asverna,1
lafleurenbouquet,1
flackojps,1
the.kame,1
dimesforever,1
_cam____,1
caddy_cadaisy,17
silvanasenstuidiofotos,1
gabry.photo,1
claudiafischerph,1
disj2k4,1
nicolle_chance27,1
nina_maulina_,2
jaseel.ks,1
leslie.maress,1
hoi_ephameroi,1
themommyspice,2
eva.alemany,1
hadornphoto,1
josephineyphotography,1
revo_eht_wobniar,1
deonwhiskey,1
mirza.roni,1
bonvoyageks,1
rachel_maurice,1
nikomadrid,1
poghosyanstudio,1
waltersiphonephotography,1
verre_de_rose,1
junior20011,2
thepixelwolf_,1
buddhabelly_,1
lamastravels,1
theasianlens,1
elitegymwearofficial,1
difficultanddemanding,1
d.szymanek,1
like_bucks,1
misssixsixsix_fotografie,1
246c.wedding,2
danielisk,1
ckutulas,1
holy_power,1
bodqqqaa,1
makana_weiss,1
miwastore_oficial,2
irisgeorgiadou.photography,1
holezbeatz,2
alon_banay,1
neolee.mx,2
rs_.photography,1
ssc5367,2
pedraspreciosasmodas,1
lucie_marieusedimages,1
wearemeedia,1
royweijmar,1
lufernando_galvis,1
amberdwallace88,3
bouke_c_spoelstra,1
lakshay19,2
withoutshade86,1
the__humble__one,2
littleaggiephotography,1
sekki_p0rk,5
cheesefryes,1
hella.harold,5
angle_rod,6
creativejoos,3
aliyachambless,2
tereisl_,2
chrisvillebeats,1
cycling.mintee.us,1
manduhrice,1
f.kike,1
deadrosesbrotherhood,1
themotivemag,1
noura_.fathima,1
the_mannishboy,4
tuguinhas.oficial,1
konspiracyentertainment,1
noahandjoseph_,1
mindfullove_co,1
sdkjhkjhd,2
thefortnitecraze,1
queenoliviastr,3
thatprakhar,1
zavazano,1
danishkh04,5
dawn.arianna,2
avecommunication,1
officialdlow,1
megha25_spamx,1
kulor.cases,3
shahidmohdk,2
loopholeusa,1
__carlovers__,2
rohhitsonni,1
luxuryexpopuntadeleste,2
thisisglyphack,1
joy__zheng,5
drewbuchser,2
photosby.alanna,3
maltchique,1
rock_n_lobster,2
kenigplaces,1
yazzelberry,1
benjamin_artwork,1
photoeditingretouching,1
matt.hume,1
oberzine,1
badaccentsstudio,1
destinationdumplings,1
ff_ula,1
leoobrabo,1
mice13_,1
blasejl,1
apeksha19.aj,1
souvik_samanta10,2
stefanosciutophoto,1
designbyowais,1
lauren.demoss.photo,2
felanie_aries_modele,1
luisanonatophotos,1
daydreamernightthinker._,1
nolanbusalacchi_,1
melissa.capon,1
mykindt,2
backdoor01,3
jamesdelivery,1
gassydz,2
negativelighthouse,1
dulilmao,1
ulalainfo,1
mo7amed_7amasaa,1
digitalfrogphoto,1
velinstagra,1
girlgangx.shop,1
mirroredprecipice,1
margot_sec,1
brichacek,1
lilimarketing,1
tealcheese,1
forensicsphotograhy,1
smf360,1
izombiegirl,1
adeline.r05,1
gascl,2
ai_on_mars,2
followmarcus,1
iamtaethakidd,1
photomojo.academy,1
carolinexcp,1
photographywalts,1
bfreeminds,2
riccio9,1
jegorzaika,1
kicksonsales002,1
roffetto,1
toshev88,2
haertlundhaertl,1
leovonp,1
fabmeyerg,6
hannah_ray99,1
melaniepincus,8
officina_fotografica,1
asya_wolf_photographer,2
teddiroze,2
progssmusic,1
bipolarnotes,1
br_winters,2
talreja2801,1
jikushi,1
camerasolutionsinc,1
satureyes,2
rida_photos,1
liveimagery,1
giuliana_giannetto,2
kawczynska_aneta,6
f.eniko_photographer,1
photographybymarccastro,1
xavierony,1
iran_film_cooking,1
osorio.foto,1
ernesto_photography,1
astroboyrj77,1
miobravado,1
masternofoco,1
lynnmoffattmusic,1
djcookz,2
cuilu.eyelash,2
garethvalentin,3
roande4802,1
fordogs10,1
pinswags,1
aira_tsukishiro,1
sanya7405,1
yixing_star,3
cryptotherapist,2
turner371,1
notthefatindian,1
amber_mountain_media,1
wonderboymarketing,2
tetragrammation,1
catinker_lifestyle,2
nomeroff.rus,1
the_beautiful_life_1,2
realtorhilife,1
fotom_k,1
stonewoodcollective,1
caseonuberlandia,1
ma.vie.de.papa,2
jungle.muse,1
2tymeent,1
sarvanshnagar,2
rajviparikh23,12
molotovphoto,1
carly_beautybox,1
rafafonte,1
brendanaustin,1
beautycatblog,2
aumabstract,1
nalisten,1
the_shop_okinawa,1
ersaguncelebi,1
nehthelania,1
tal_vanunu,1
tatedaugherty,1
philfiretogtrio,2
deandrejameljackson,1
_voyagr,1
helloheresyanyan,1
whitfordww,2
spanky_spam,1
lbr_thugger,1
laikipiabymwangi,1
barosburger,1
christiancardillo,1
shirin.pizza,1
phillipthomasbjj,1
wahid_mc_slayer,7
kai_digital,1
farbstein,2
themoodlifter,1
ze.rezende,1
rezatabish08,1
agataluadventure,1
michailidis_fabrics,1
stevejdavies,5
axellefleurbay,1
fabiocito,1
friedaschurig,1
mrsxo83,1
paulo.c.lopes,1
thesonofsource,1
sam_dahat,1
gamedevcdw2018,1
csajokamotoron,1
rollinginbed,1
tacticalswagg,1
savoryspicerackphotography,1
twalkstudios,1
flovandevelde,1
loremedeirosphotography,1
joshmccullock,1
francescogigliodj,1
oldschoolartist,2
gizemslifestyle,1
rbm_________________,1
designmorush,1
juan_borges_,1
delilapipoly,1
mark.only.mark,1
the_om__bhadane,1
theadspro,1
theembersfolk,1
vplaton7,2
elv1sc,1
emreyazginphotography,1
ir.phtgrphy,1
philtographie,1
wavveco,1
xperia_master,1
phoebe_axi,1
divaphotography,1
_.optimuss._,3
amywillsthewin,2
oliver_photographer,1
1_a_art,1
sr_stanislas,1
raden_apin,1
fidelismiih,1
crashtay.13,1
tactic_survivals,3
jpgcafe,1
babiesonly0,1
gregjrees,1
resollective,1
frohmsfoto,1
gracesboutiquee,1
kailovee,2
amarteyart,1
capturedbymaikel,1
4aroundglamour,1
tobynguyen,1
alice_rose_king,2
theweddingstorexyz,2
ladonnamobile_,1
vlada_chalaya,1
realfrancese,1
marcwhiteway,1
stephengino,1
eagleoffroad,1
8maki_cam,1
julianzawsk,1
adventure_kruzas,1
lizzmontoya,1
khanthetravelist,2
coconutdreamsnl,1
hotdiamonds.cz,1
carloslopes.fr,1
dogsohyes,1
hamid_reza_aghazadeh,11
feralgeardesigns,1
le_shabet,1
davve_pictures,1
davdsonreis,1
earthpix.hd,1
gainsterluke,1
lxlbigandtall,1
benji_media,1
mango_wanders,1
paulasanta,1
i_am_ariiiiii,1
privatekey,1
float_digital,2
heavensclothing,2
trimbuddies,1
homecookedinc,1
zoe_eyelashwholesale,1
nanacamui,1
iloveyougarrett,1
kilnfireddiffusers,1
le.terrier.friperie,2
jaydiepvadgama,1
millennial_roamers,1
schluterart,1
shaizy,1
ericetrack,1
julius.ruether,1
bhupendraghanchi,1
kellyyypost,1
alexkim44,1
eckert_photography,1
laurawilsonsinsta,2
brownu,3
laxswam,8
officialkadarko,1
patrickhsullivanart,1
horizons_fashion_goods,1
56degres,1
apertozero,1
survive_gears,1
fatdogmendossa,1
rahmeb.impex,1
personalprince,1
dallehj,1
buccaplay1,2
volodina_18,1
wbeystore,1
uchiha_kinishi,1
eloi.temudjin,1
europapark_photographer,2
etoilesauparadis,1
alexia_impressions,1
sar.ahhhh,1
time_company_moscow,1
rscottcampbell,1
liberov.photo,1
__sbai,1
f.l.x.raw,1
chrixirigoyen,1
goatticus,1
conseilcreara,1
tennesseewaxcompany,1
zohashafiq,5
hyunjung_artist,1
benniknop,1
fitnicee,1
uvisni,1
annamaxnyc,2
m_photography7_,3
ajphotosny,1
pascalyennis,1
alexhpm,1
supcustom,1
notinastudio,1
hendri.arba,1
andre_constino,1
hokoriviews,1
kangkyonghye,1
imonlyjames,1
conseilcrea,1
sarah.gouw,1
rjazorx,1
dana_honya,1
soyisreal,1
thetruetired,1
managerinsta.eu,1
landscapecoffee,1
creatememories_photography,3
marietas_x2,1
thekingsbrave,1
ion.verlan,1
tattphot,1
edson.kurt,1
macroni517,2
rocco.grosso,1
lbgrx,3
ozmobilephotography,2
nishikawashin,1
matthewdairy,1
gabrielvisconti,1
dr_marceloalmeida,1
kenanmourad,1
sebsi.skoffa,1
evdiehard,1
pechina_daria,1
fumanchuchucosplay,2
deorarajendra,1
thefeelgoodbiz,1
treeestyles,1
crypteauxhq,1
maykup,1
wdsmelo,2
lordsofthegadgets,1
rahadyanjalu,1
lyssgill,2
ekobrush,1
dutch_quality_shop,1
rieaskey,1
katie.mcc,2
cachimbasnet,1
travelerslost,1
eliseryan109,5
lucyreyess_,1
roxixane,1
ptk98,1
amateursinterlude,2
suitsbootscahoots,1
eyelash.wholesaler,1
musicplugapp,1
juliadraisey,1
repostinglife,1
hot_yoga_shop,1
colourmeren,3
drmoriarity,2
apex_tattoos,1
sarwajeet.singh,12
bonacci.imoveis,1
aitor8a,1
indy_artwork,1
hidden_sugar101,1
manga_artist_ichiro,1
greenkanvaz,1
luke.laurie,1
coffeeandpalmtrees,1
awesomeart1076,1
69lilphey69,1
skyboy_photography,1
press.on_official,1
stayinuk,1
buz9z9,1
hightopdavid,2
chacaldesbois,1
raqueldias84,1
samcharleseuk,2
dailyhumorvideos,2
joeyhan_,1
alphabr0thers,1
bhoomii98,3
fawazwb,4
esteryrborg,1
harleyharpurr,1
noahbriton,1
maukazuhiko,2
edsnapped,1
tjs_pawar,2
real_nelo_reis,1
imatthieu,1
iissa_keke,1
filmpoema,1
fevi.co,2
vershinin_photography,1
blancstonedigital,1
supersunnysonny,1
jednorthwomen,1
ismokeit,1
risodudas,1
waifprojects,1
pariscarre7,1
marti1807,1
dophetaminedonny,1
sonny_brahma,1
fennicasino,1
vidushi_159,1
mischiefinjapan,1
amethyztz_,1
istitchnyc,1
soccernigeria,1
saint.hale,2
ilovebeachtennis,1
beerwithflavor,1
deanostetto,1
saanyaa_,5
lindsaygmarie,2
lifixphoto,1
magicmakersstore,1
stephyrodgers,1
pranapix,1
kristina_mcmanus,1
ashrockholdings,2
philipgarciauk,1
kushkumawatkumawat,2
lena.yumi,1
susu1946,1
thebronxbrewery,2
baixinhas_baixinhos,1
the_world_i_seee,2
bty3330,1
lxcainsta,1
matthewmroberts,2
goldera92,1
impactmediasolutions,1
sonderwallet,2
valeriee21__,1
jeff.tay,1
_.desertrose._,1
of_sonder_and_onism,1
thing_zen,3
classictreekc,1
_.jai.samar,4
traveltrachs,3
tonymartorelli,1
lomauro,1
kelly.rm86,1
ezezaccardi,1
multipowerofficial_de,1
beautiologysolutionsco,1
southpolejoe,1
fernandolimafotos,1
jdenise918,1
institute_of_macrophotography,1
kayteerae,1
leprofesseurpronos,1
jezeniamarie,1
adriaannnn_,1
berkanacoustic,1
rafalostrowski_,1
the___clairvoyant,12
poborueva_maria,1
mikeytouchofficial,1
gift.for.you.free_getnowx2,1
obeid56,2
catrieloconnor,9
mo69beat,1
liamcking,1
claudiobelizario,2
joyofrex,1
ferdinandobarbetta_,1
kevin.j.chu,1
houseoflacoco,1
alberto.programmer,1
pioneerbearcamp,1
allidynia,3
trishathacker,1
shubhammehta1909,10
photosfr_,1
kerjadirumahaja,1
camillalonis,1
joes_in_la,1
sau_singhal,1
themobile.glass,1
anwarjustlive,1
emilypipkinphotography,1
jayfirstshot,1
mmyto.graphic,1
angela_altus,1
tasyaazreen,1
sejouced,1
season.ghimire,1
_iambiancafit_,1
foto_ekol,1
o_olhoesquerdo,1
sattyajitkane,4
rafaserranophoto,1
kmylo6,1
hado.arte,2
onlylynk,1
vmartografy,1
sakie110,1
quinton_bentley,1
clem_photographies,1
juulisbad,1
brellias,1
dylanlegrand55,1
mod_chelly,1
fashionfactory_merksplas,1
paintballoons,1
ellenohh,1
willofficialmusic,1
clebertrevisanifotografia,1
ali_hbx,3
nataliekunkel,1
tiffanymwatts,1
_theartmagazine_,1
danntaye,1
tnecnivement_nul,1
dcfashionfool,1
carolineibrahim12,1
joaquimmsalles,1
starergonomics,1
snehadeepdas,1
alee_bonnue,1
ervn.t,2
trankhanhlinh6696,1
alex.rosta,1
quarkswithquirks,1
winternip1983,1
photowithphil,1
kadditonphoto,1
urbanexplorationgermany,1
emclarke12,1
luke_elle,1
nature_champions,1
nubabar,1
lamartidoc,3
ssmediamarketing,1
nataliadyadina_invest_proriv,1
darkness_infinity,1
dastrox,2
wemakeawesome,1
marimar0955,2
miamifitmeals,2
people4yoga,2
joshow305,1
zul_ei_kha,1
slezakjkb,1
rickalberigs,1
shaylanash_mua,1
samgo_4,1
krlgroupinc,1
michaelwoolheater,1
chrisli___,1
ayosod,1
rj_khan313,8
fridasofie97,1
photog_hiro,1
geekait2,1
ridethevibeworldwide,1
o_machintruc,1
buddhiststuff,2
fn.photoart,1
travelsnapeat,1
danielogey,1
raquelbuffet_,1
hdfortyeightrider,1
genevabynight,1
maemonroe_artistry,1
nickaguilos,1
themidweekmelt,2
chicsophistic,1
sedcard_madeleine,1
nicolas.michiels.photonm,2
abingeson,1
jhmccann,1
greyter_ny,1
kajaletsgo,1
mila.hlb,2
one.tall.blonde,1
sxowkel,1
ethereal_photog,4
creativegramzz,1
joey_burgos,1
gottheshott,1
deandraphotography,1
lifehacksbooks,1
lolad_,1
csondiagi,1
devin.nj,1
jensgaethjephotography,1
k0f3stperevalsk,1
superkeith120,1
alistairthompsonbrown,1
feliciasheraton,1
adrianascamera,1
amelmuseljic1,1
nehamodgilphotography,2
_alligator_000,1
kittyhawkstudio,1
ristoranteitalianoatirana.al,1
zverdesign,1
korkersfootwear,1
ega_hookah,1
dasogosi4,1
25alchemy,1
julianobarber1,1
dra.photos,1
boundlesspowerathletes,1
erfphoto,1
indo_art_house,1
nguyenklynn,1
esspeshal,1
chris11top,1
ilestamphotography,4
zaynbvg,4
herdarkroom,1
meemville,1
manhaironline,1
ivanrkv,1
mattbeemsterboer,1
wheres_wilko,1
fxckitsoliwia,1
soul_searchers_south_side,1
jaho_director,1
loveinparisofficiel,1
thiago.ontrade,1
oli.stagram,1
fitfamfeatured,1
sophiezcamera,6
10secondtimelapse,1
96visualz,1
dominik.resek,1
_panri,1
theyzyhub,1
_peruvivo,1
photographclub,1
williams_banks_photos,1
arcmgmnt,2
paolacek,1
p.s.x7,1
alistsamplesale,1
woodyvds,1
loraa19911,1
uxewelinaxu,1
annebonnyschs,1
thomashenrymade,1
rahbari.tabrizwood,1
dimivito,1
manayiiin,1
hadisahebi,1
sayaka_k_i,1
tenwilde,1
rod_avancena,1
lipartistry_,2
ghetto_stylin,1
harneo_photography_studio,1
kaki.lelong.seremban,1
photosbylogankraus,1
nuvibephotography,1
dveightmag,1
deanpz,1
wrektachrome,1
miamanjingwang,1
tu_horoscopo_diario1,1
diogo_evan,1
worldbytam,1
clementduliege,1
vinus_pics,1
alisha_september,1
pushkar__incredible,6
viciousdoll,1
heattone,1
fitzherbert__,1
theinefablepage,1
guzel_diyarlar,2
whywephotograph,1
menteinabalavel,1
fm_doyle,1
mradtaylor,1
hasobie,1
od1nsvei,1
andy.paul.miller,1
akwa_wellness,1
ayyyylean,5
_im.photography,1
indirakumar_86,1
almuerzoscarreno,1
brijesh_parmar_799,3
iam_alwayshungry,1
mayuka10100904,1
jontreon,1
alfiwardana,1
khezri1395atefe,2
joey_jaz,1
valentin.batle,1
mansha_kaur,1
ja_ninchen,1
olivier_973,1
laurenitimusic,1
ilariaginevra,1
anitapaova10,1
xvenda.com.br,1
demetri.t.photo,1
inoue.sarah,1
aryan_chauhan_7,6
philip_who,1
b.ill.k,2
julian_hanses_official,1
imandrealo,1
syumul.art,1
kutyrev.geologist,1
gabehales,1
sezmanidialu,1
photosandcitiez,1
martin._.photography,1
rbbonnebabe,2
maricrispp,1
mr.almaee,1
brandonjohnwalker,1
erikusanto,1
lindseys_lens,1
irinapeterburgrussia,1
hilmanseptian,1
mikeyclipps,1
science.heart,1
sgoncharenko,1
wintersoul_mm,1
rentonwade,1
kmediafilms,1
glowlightinguk,1
luciehrubonova,1
nickcs_photo,1
travellers_light,1
yousra_clinic,6
blitzgym,1
boundless_dreamer,1
novian_kuncorohadi,2
raphael.keita,1
danimoraleslife,1
secretsbetweensailors,2
_armanpooyesh,1
divyamaniar,2
peter_huson,1
disclosedcloth,4
btwmusicmediabox,1
makembashop,1
t.tanypopova,1
jrkonsorts,1
cgc_mandeer_,3
_alayzacaseymakeup,1
seth_timlake,1
rito_rudra,1
yoshua.escamilla,1
clarasadventure,1
rishi_rajsingh,3
watermelonsourpatch24,1
_ilbiondo,2
videorules,1
sonzoophotography,1
ragavendra__kumar,6
gettingmarriedingreece_blog,1
johnsshots,1
wickedshotz,1
loishongphotography,1
hitoribayashi,9
kam.the.coder,1
michele_fotografia_,1
vaniadepaulamakeup,1
alvineldelbar,1
cinewaltam,1
thegreatcaesarsbanquet,1
lauradellagatta,1
muhammedtrl,1
obvioaliy,1
traveling.nick,1
singular_pill,1
bschtin,4
photography_byjess_,1
_____1nkn6_____,2
vanlifechile,1
photosbyty98,1
blixnpixmagazine,3
nandiniwahi,1
vr2go,1
personahappy89,1
rsbarong,5
naturesrewardphotography,2
kaariphotography,1
ulrikederyckere,2
mrkathny_,3
terri_samantha,1
neural_art_,1
rishimapuri,1
____meimei,1
akash_katkar_7080,4
vpodoprosvetova,1
tamaracameraphoto,1
juleechic,1
iamaysee,1
vincentanderson,1
victoriahenley,1
querstilphotography,1
thephotofolk,1
freewely,1
_xtin3leelo_,1
endumo,1
mainslamcam,1
micheladin,1
garryxalexander,1
jmscervera,1
juan.henaoc,1
espritnomadelibre,1
chalmojazz,1
kinty_v,2
hritvikgupta,3
ujjjwall,7
bael_belagio,3
zigamihelcic,1
stirlingcreative,1
spaceum.artcreation,1
ahmad_fakeeh,1
asparagus_ze,1
retractus.photography,1
ningw.k,1
patterson_wolf,1
eloelodanieloelo,1
espenelle_photographie,1
truly.leila,1
j.fotografo,1
philipburkephotography,1
kaykalisz,1
pravin_rabari_1428,1
carrie426426,1
piction_photography,3
thezimlife,1
vivigarrob,1
m4rvin1143,1
itravelwithmyphone,6
bwattmagazine,1
hs_official__143_,1
reminiscephotoandfilm,1
lavmcam,1
lxgphoto,1
_piplum_,1
gorkemkls,1
kierachaplin,1
two_dragon_m,1
sketchonista,1
gabriorion,1
themottstudio,1
prabathdilshan,1
morrocoy_photography,1
life.of.flo,1
vinhle_photography,1
makeupbytamar_,1
hacidedi,1
barrxtian,1
samuelbrian_,1
laphotoenchantee,1
gallofotografia,1
workfourstudents,1
suddendaze,1
selectivesound,1
berify,1
lucianabarretoz,1
griffinbeels,1
aleks4you,2
sarda.dev,1
miklekk,1
neha_patni95,1
dannyciak,1
eds_rose,1
raja_bhati,1
jehan_jessel,4
aehphotos_xo,1
gentlemans_scope,2
rumi_man,1
momentsinthesun,1
atlantiswristwatches,1
tamannajohari,1
stfdjs,2
minchimurakami,1
konstantinafonsky,1
d_oguns1,1
nelly_artemjew,1
rajdeep16849,1
thewildpear,4
sigh_klopps,1
dushyant_dsy,1
lucasfiorinifotografias,1
aaysvillage,1
ph0t0graph_maty,1
jitendra4335,1
soniamishi22,2
jason_poppunk,3
toptravelbrasil,1
jnr_2,2
ifashion_men,2
khakimusic,3
monexo,1
crowther.carlos,3
drawmaycry,2
fifi_mal,1
claudettejdevereauxphotography,1
itssenmorteco,1
danielaschwanke,1
hannahrangerphotography,1
kelly_morfopoulos,2
mikee_collins,1
yo_malviya,3
glendamascaro,2
alexhende,1
redalionz,4
pausefortravel,2
amruthpillai,1
dreamy_fox,4
darkknitestudios,1
adun80,1
rubensanchocr,1
dubaifitnessphotography,1
mahesh_pitchayan,1
thepangeans,1
furs_lip,1
flyintoadventure,1
socialdonut,1
alexandrina_happy_lady,1
_runnersinlove_,1
lighez_nature,1
semoshaheen,1
alluresleep,1
bairwamanju,1
djariayoub,2
_maya.88,1
kiran_kenryk,1
tb_buttach,1
catchtheplanegetinsane,1
ishitavksharma,1
denisberkay,1
video_____muser,2
athletchic,1
nataliia.li,1
kkkimsan2,1
felicia_wanderlust,2
zaars_pen,1
zishinwari,2
kuppukitchen_indianfoodies,1
ashleemasonproductions,1
victoirescherer,1
siobhanfayy,1
alinarain_photo,1
blass.gout,1
duyendsm,1
globetrottersfave,1
benztravel,1
journey.west,1
ryan_putman42,1
nothingfancyy_,1
nicoanuch,1
bentsuiphotos,1
kathleen_artistrysalondp,1
niga_nawroly,1
ruxanda.belali,1
valentin_kuzenkov,1
